0.07478773,0.06606577,3.9975
0.10027902,0.08537858,3.5752
0.02921496,6.95952805,4.2844
0.02356661,0.01835713,4.9275
0.2111899,0.12657484,3.237
0.18774821,0.15910636,3.3499
8,0.01163225,6.6567
1.67544615,5.11792851,2.1649
8,4.60025024,0.4612
0.01931586,0.01837355,3.9631
0.34519336,0.44137219,2.6233
0.00394157,0.01063237,5.0367
0.04865721,0.04107976,3.7608
0.11716542,0.09850354,3.3561
0.22110626,0.26512805,2.732
2.15144301,1.81682742,1.7314
8,8.41206518,0.2344
8,8.46376327,0.3815
8,9.53291332,0.1943
6.56705523,3.54576254,0.415
8,7.9048872,0.3605
0.38305587,0.30504522,2.6725
0.12415128,0.12206876,3.8142
0.00524993,5.59118434,6.2674
0.06078333,0.05821462,4.3584
2.20389462,1.49516201,1.4665
0.19052872,0.19976479,3.9431
3.73873973,4.18864536,1.1542
8,8.73922195,0.4272
2.03907323,1.67977679,1.2479
0.24393393,0.1401514,2.3948
0.04572786,0.0322053,4.2588
0.065744,0.06221874,4.0031
8,8.69946514,0.3478
0.26327509,0.3162823,3.4189
0.27403277,0.13543682,3.4061
0.03814609,0.03872041,4.7212
0.31598589,0.24698904,2.4283
0.76331002,0.4308196,2.3861
0.80981606,0.46544448,3.0622
2.14705181,2.22918773,2.7288
0.03627276,0.02266363,4.0307
0.12774982,0.1210115,3.5077
4.03542662,8.73932651,1.8601
3.60817242,8.61010051,2.0667
0.0874675,0.08442736,4.2666
0.20357987,0.20539172,3.8206
0.0033895,5.52401579,6.6468
0.09746029,0.07212783,4.0263
2.44592929,2.28284288,1.8908
0.19302695,0.19814904,4.0447
8,2.74007678,0.3303
0.03461671,0.04016676,5.1812
0.07653105,0.07845023,4.4324
0.242928,0.2259322,3.4461
0.003054,0.00346933,6.7285
0.02433141,0.02020832,5.0969
0.08647351,0.08294661,4.4021
2.35833573,2.18734884,1.5507
1.41537094,1.34600353,2.1155
8,3.4515729,0.9109
5.75964499,5.47492743,0.9072
4.99233437,8.01738243,1.1019
0.35054246,0.33035806,3.0955
0.01217702,0.00976834,5.4258
0.17070998,0.13535059,3.463
0.17255028,0.15692858,3.692
8,2.41841006,0.6572
8,1.53448665,0.23
0.07451365,0.06873211,3.9523
0.0178099,0.01153036,4.1517
0.02908108,0.02735901,5.0321
4.54653597,8.13875421,1.3627
1.01571441,1.09764159,2.8467
8,5.04860306,0.4085
0.10320146,0.04338365,4.0282
0.12907542,7.27764864,2.8683
0.00552548,0.01001052,6.4203
0.04008104,0.03299244,4.4379
1.58294487,8.02294947,1.5784
0.33796808,0.34073672,3.6344
2.59104824,8.49853273,1.4669
0.07252492,0.07718099,4.7553
2.82164621,8.14894805,1.7103
0.98723966,0.87017173,2.0088
0.16377933,0.15050966,3.5976
0.04668178,0.0412278,4.4105
0.66357476,0.59539145,2.4115
0.06164942,0.05304247,4.3885
4.23478556,4.38317871,0.9076
0.73856801,0.68304074,2.2101
1.36667681,1.17311037,1.9739
0.18791845,0.18103825,3.5768
0.00424515,0.00473395,6.8648
0.04832795,0.04702234,4.6377
5.88331986,6.07828951,0.8521
0.17630956,0.17421493,3.7927
1.01952875,0.67114848,2.1995
0.77856326,0.66799325,2.2248
0.02527587,0.02081868,4.0347
0.09561697,0.05875718,3.6763
4.4114809,8.03157465,1.0183
1.7450856,1.83865035,1.728
0.15553784,0.14604296,2.537
0.94937295,0.77007741,0.8403
0.00519857,6.01736917,4.9955
0.17688739,0.15144123,2.8925
2.50090742,0.95689529,1.4113
2.5361526,2.43805456,1.2075
2.94321919,8.08590914,1.8327
3.34597993,8.09789313,1.2564
8,7.7566247,0.238
0.05736313,0.06753663,4.1065
0.13484372,0.08819315,3.9686
1.78952611,1.03752828,1.4674
0.06439659,0.06068231,4.3607
6.93630266,8.24534618,1.4747
2.11217856,0.13807242,1.9885
8,8.2301488,0.5094
8,0.00268244,0.3123
8,9.46486273,0.3381
0.04096874,0.04547368,4.9033
1.96381629,0.86962706,1.4788
0.68667942,0.07805657,2.1718
0.06207898,0.07212979,4.1385
0.07372461,0.05071158,3.879
2.20389462,1.80899775,1.5229
2.31053448,1.83521462,1.1762
3.04261136,2.25878882,0.8203
0.1991504,0.15928133,3.6966
0.06473182,0.06418232,4.5191
0.01821918,0.03639627,5.7734
0.06620716,0.05202564,4.441
0.18722978,0.14009915,2.9719
0.1730706,0.15418586,3.6724
8,0.02746007,1.535
4.32372475,8.55144663,1.8013
8,8.81496227,0.424
8,8.25604658,0.416
8,8.33119495,0.1709
8,7.13953209,0.5063
0.04612577,0.04679938,3.905
0.07785797,2.17412615,3.115
0.06853135,0.03966222,3.4812
0.67141891,8.1700264,2.4551
1.2114557,1.23053813,1.2993
0.32066065,0.28546417,2.5565
0.0188492,0.01070318,4.5352
1.14069212,0.96115625,1.8786
2.78251886,1.92296112,1.0695
0.05561214,0.04188681,2.995
0.46305826,0.48706925,2.3722
0.28827825,0.16030262,2.6984
0.01078174,0.02869698,5.5322
0.11163597,0.09588718,3.3299
1.09335613,8.15841514,1.975
1.95142651,1.74302924,1.36
8,3.23408628,0.23
1.64211702,0.8324343,0.2847
0.03864982,0.03806436,4.962
0.05813135,7.1564077,3.5274
0.09933457,0.07619795,3.6838
0.00991583,6.29567958,4.7172
0.00258354,6.0490505,6.0438
0.03286568,0.03033931,4.822
0.98149347,0.81302798,1.9704
0.11075456,0.0735596,3.5414
0.08014669,0.09520503,4.6507
0.17214257,0.15930449,3.4352
0.01549878,0.01729376,5.6305
0.05878419,0.05063281,4.3588
1.64689159,3.17097426,2.145
0.28780922,0.28055874,3.4254
5.12324619,8.98482752,1.35
8,8.06544243,0.219
8,1.30324733,0.2898
0.01493892,0.01568243,5.8824
0.03625605,7.08039953,4.7855
0.08142867,0.0692534,4.33
0.00839659,0.01421028,5.322
0.00359142,0.00259266,6.6415
0.03922041,0.02633743,4.6508
0.33778125,0.39121708,3.1949
3.00291014,8.76775539,1.5286
0.09755316,0.06725459,4.0017
7.05223274,8.12179231,0.8926
0.10652117,0.08780278,2.2298
0.32038984,0.2984162,2.3517
0.18650638,6.89571721,3.2477
0.01550378,0.01017546,3.6134
0.04848709,0.04327288,3.7592
0.19277506,0.13551033,2.9514
3.06089473,8.51418065,1.3007
0.05081294,0.04754045,4.3652
0.06491704,0.01263854,2.9688
0.01597572,0.01783348,4.8714
0.00549298,0.00306001,5.8697
0.02475176,0.0220935,5.1316
0.05771403,0.04970722,4.7006
0.1093245,0.0646121,2.8655
0.9270916,0.81880224,2.2255
0.0552978,0.04692368,3.9558
0.22580543,0.06318714,2.9671
0.03416922,0.04116351,4.7138
0.12005324,0.07629988,3.6605
0.04162853,0.01642871,4.2077
2.46482635,2.24849558,1.7576
1.54819405,1.22239423,1.7119
8,5.7788825,0.3129
2.99392819,4.17763472,1.3222
0.01579805,0.00965258,3.8372
0.09811072,0.09103894,3.9544
3.08885813,4.43158102,1.4503
0.04590029,0.04701321,4.6127
8,1.57859612,0.3446
8,3.61901522,0.2926
8,0.15928479,0.3101
0.06849767,0.06678662,4.141
0.04747221,0.03301526,3.5422
0.02421284,0.02796657,5.1654
0.05757766,0.05283957,4.3976
0.23174086,0.18316171,3.6728
8,0.15864524,0.4307
0.14058878,0.11086772,3.1215
0.58942998,0.52322441,2.646
0.01130726,0.01200634,5.3868
0.06598885,0.06236314,4.4823
4.31967497,8.75978966,1.8519
2.20531702,8.48091537,2.2859
0.29341176,0.23990145,2.6201
0.22140196,0.19061892,3.0324
0.66525883,0.05527554,2.2362
0.01010125,0.00869495,4.1891
0.11888967,0.07657497,3.5354
0.13332364,0.07400006,3.209
4.89279795,8.34531646,1.2973
3.49153853,3.21938729,1.3744
8,0.13349822,0.0846
8,8.95231638,0.2713
0.06266729,0.03809711,2.8038
0.20241359,0.15476124,2.9392
0.92136991,0.59461188,1.2931
6.7370863,8.02039003,0.7047
8,8.03563531,0.0373
0.45465624,0.38269061,2.5547
0.00852356,5.86544183,5.2309
0.09215451,0.09230378,4.1072
0.06272797,0.06056523,4.3655
8,8.43059665,0.1771
0.09729275,0.09751115,4.1261
0.02889228,0.02781471,5.0054
0.01335807,0.0144456,5.489
0.09350494,0.09077923,4.0199
0.07750475,0.07475077,4.3541
1.82310045,1.79129601,1.7536
8,7.4525156,0.1102
8,2.74696302,0.0866
0.55270296,0.27610511,2.0782
0.12210101,0.11291152,3.4227
0.16878817,7.49265586,3.014
0.29796761,0.03978804,3.2842
0.15694672,0.14341217,3.1656
0.05547818,0.05174321,3.5594
0.65243584,0.58629096,2.3478
8,8.49554872,0.1841
8,3.63213611,0.2423
7.36535597,7.96582174,0.2108
0.11760903,0.07283717,4.1173
0.02643993,0.02766348,5.546
0.00254717,30,6.7813
0.01158702,0.01170756,6.3157
0.03070632,0.02421177,5.4439
6.75065804,8.09292854,1.2041
6.81913519,8.01622016,0.9553
3.60911465,3.43468809,1.2434
0.11558864,0.10759804,4.2453
0.00851492,0.0069603,6.1489
0.11483645,0.10349003,4.0341
0.24027066,0.22568177,3.7258
0.62076706,0.54021394,3.6068
0.05829947,0.04485874,4.9707
0.00450234,0.00456452,6.9533
0.01359698,0.00665398,5.8489
0.05818048,0.05579155,5.315
2.31096053,3.40755749,2.5702
2.38116074,4.50303841,1.9076
8,1.09161878,1.0076
4.88063669,8.59658816,1.3882
5.03662729,8.63384192,1.2882
5.04196835,8.65279307,1.4978
3.2635386,6.39161539,1.5231
0.00311168,0.00346188,7.2354
0.0180795,0.01508657,5.3984
0.10702965,0.09350163,4.0743
0.27648526,0.23221543,3.1957
6.15767717,7.43280029,1.2785
0.24354453,0.18789941,2.4711
0.1147289,0.10910317,3.8365
3.90894318,1.39274025,1.1501
0.52991366,0.53511852,3.0704
0.12330926,0.10854068,4.1275
0.29362819,0.20077789,3.2487
0.02295878,0.01006654,4.5905
0.04827156,0.04720529,4.9539
3.16795731,2.50247264,1.9154
8,0.23767,0.4788
8,8.55442444,0.6781
8,9.08050241,0.5213
0.25648075,0.11973575,2.7511
0.04794786,0.03305847,3.9497
0.12025812,0.08475526,3.2683
3.78526092,0.96800745,1.3696
1.24612951,0.72503322,2.2119
0.14104521,0.01301991,3.1786
0.34567094,0.45428282,3.1566
6.33207083,3.46148706,0.4371
0.01084603,0.00936986,4.3906
0.02961304,0.03450824,5.0138
6.14237213,1.82444179,0.8191
6.58544159,8.02194584,0.5617
8,2.36032653,0.146
0.18347709,0.16512592,3.0328
0.16213965,0.09780139,3.2483
0.00351323,0.00374754,6.5055
0.07592098,0.07541131,4.0829
0.77653265,0.62567592,2.1373
0.96733326,1.30075002,3.0781
7.80798435,8.70410325,0.4963
0.00715142,5.61947617,5
0.14582846,0.133476,3.7899
1.68885744,0.0418415,2.0534
0.85342044,1.04567957,2.3703
0.4945876,0.11951659,2.6066
0.04634737,0.03579598,4.5124
0.45912713,0.2289646,3.0826
5.71829748,8.00846385,1.1636
2.22334528,2.33927083,1.8192
8,9.20113562,0.4078
1.96294165,1.67397475,1.5499
1.14077973,0.73750228,1.6665
2.69932485,2.4218514,1.808
0.20375821,0.18759753,3.3569
2.14122176,1.27958262,1.3044
2.88946056,2.42018724,1.1332
8,2.25353313,0.2108
8,8.88557531,0.1797
8,9.39894877,0.2176
0.85538918,0.79481375,2.0606
0.01088609,0.03212693,4.9445
0.22145638,0.20627679,3.1265
7.4592948,8.37353608,0.6721
8,2.46524715,0.8919
0.5473209,0.4979938,2.5308
1.22628498,7.74420277,2.4054
0.05407386,0.04816212,4.3922
0.54061091,0.67930204,3.618
4.82124567,4.62282896,0.9383
8,0.00673071,6.988
8,8.72395327,0.6213
0.34042752,0.29217872,3.05
0.01585762,6.62591493,4.7368
0.14658085,0.1173726,3.7306
8,2.6915195,1.0149
0.10349359,0.09647612,3.3698
1.86531079,3.71383143,1.8093
0.02068819,0.01852258,4.1905
0.15430507,0.12601155,3.5222
1.67619264,0.44907415,1.5971
2.01946545,8.6020015,1.9735
0.04666959,0.04393419,4.5573
0.07532502,0.0281042,3.7711
0.0059226,0.00509922,4.8994
0.07561718,0.06940588,4.0105
0.15279779,0.11302792,3.6574
1.6185751,1.44632351,1.8226
2.54235482,2.04504848,1.4561
8,7.58986282,0.3243
1.19991696,0.97193408,2.0055
7.23916149,6.86636305,0.943
0.04812422,0.05230463,4.6237
0.09661954,0.11150443,4.3852
5.25670195,8.05960167,1.3273
0.01480163,0.01400778,5.2263
0.03599412,0.03435278,4.804
6.72178698,8.08185991,1.1576
0.73549968,0.7734378,2.3484
0.39034453,0.33844885,2.867
0.17533991,0.14115709,3.6877
0.26240698,0.12769011,2.8611
0.01636847,0.02366408,5.3918
0.02865008,0.02736202,4.751
0.65069425,0.32263854,2.3477
0.60953158,0.1947763,2.4477
0.09958667,0.08183101,4.3291
0.28571239,0.1621978,2.9043
0.00558513,0.00954683,5.5828
0.08087268,0.07362159,4.6055
2.73984861,2.89625049,1.7102
0.5238595,0.57162887,3.1338
3.53416944,8.12275317,1.4006
8,8.14448904,0.301
0.27879262,0.24533793,3.6265
1.51800251,1.13992357,2.0173
0.0181148,0.02082523,5.7321
0.13646078,0.13158952,3.9169
0.67026472,0.50952768,2.4101
1.18739307,1.79431355,2.5829
8,8.51359166,0.3269
8,6.20236158,0.4692
8,8.31940174,0.1502
8,8.20480323,0.2154
8,7.97487879,0.2797
8,3.34441447,0.4755
0.11710604,0.0850836,2.3103
0.3009809,0.22549167,2.4994
0.45452356,0.40484944,2.6683
0.01374758,0.02734444,5.0501
0.14139231,0.10645747,3.3944
0.24052918,0.13348299,1.9759
1.74792945,1.21975291,0.7958
0.61032802,0.44061795,2.0795
0.23703353,0.25051105,3.3319
0.02485349,0.0344702,4.8643
0.02270171,0.00762508,5.1937
0.38335019,0.40508407,3.3946
0.29813245,0.19280706,2.8988
8,0.03366822,1.1063
0.85026676,8.50740441,2.7443
1.90273154,2.0622921,1.827
8,8.52748413,0.5364
8,2.56625652,0.5904
8,9.2010568,0.2392
0.99330938,0.94269723,2.6195
0.43227536,5.0110426,3.4138
0.05223197,0.01050865,4.3873
0.63713324,0.52629155,2.942
1.29999971,1.01974893,1.9651
0.0060104,6.47553982,5.864
0.01285715,0.01117621,5.6735
0.13066545,0.09407197,3.8043
2.90852094,2.56974959,1.2322
2.06911254,1.75069475,1.5215
8,8.40848858,0.1598
0.1515169,0.1453684,3.6462
0.00531926,0.00681655,5.9311
0.02238038,0.02289373,5.538
0.89367098,0.81881994,2.2338
0.04950314,0.04013025,4.1463
0.20324552,0.12930058,3.1582
0.05674262,0.03643913,3.5526
0.00766751,6.18332753,5.2472
0.01754217,0.01608768,5.2683
0.24845709,0.20904554,3.1954
0.38524523,0.29443425,2.5368
3.05638409,3.5624404,1.356
8,8.77201568,0.2845
0.11627251,0.0964476,3.3913
2.36995745,1.2403965,1.2505
0.00571023,0.00478392,6.3364
0.08326793,0.08143727,4.3589
0.18594281,0.06342217,2.9091
1.54415619,2.74258304,2.4981
8,0.00318373,1.3523
8,0.04672672,2.1132
2.6669693,5.00708818,1.9241
4.77796602,4.33167839,0.9437
8,8.63063486,0.1733
8,2.6580143,0.5493
8,4.0232501,0.5101
8,2.62004018,0.5401
8,8.02441863,0.3525
0.02685253,0.02172719,4.0054
0.01914952,0.02106771,4.9906
0.07404468,0.06668095,4.3314
0.09915924,0.06851898,3.7728
1.96417844,2.08558822,1.921
1.9707067,7.3910594,2.4285
1.42946458,5.73222542,2.0888
4.93469095,8.21994599,1.3051
6.10896635,8.26981685,1.0515
0.21053881,0.03337744,1.6628
0.16886857,0.07488713,2.9562
0.16943243,0.22910132,3.1361
0.01343916,0.01196305,4.2166
0.03442898,0.02742044,4.3233
0.36630365,0.35333082,2.5007
8,0.02430888,4.9196
3.74086523,9.16239752,1.3453
0.52340096,0.29692268,3.0013
3.8423233,8.39324697,0.8215
8,5.16790819,0.2502
8,6.61850309,0.0346
8,6.74683237,0.273
8,8.1978295,0.2841
5.7492137,7.40467644,0.9608
2.3180716,3.04937744,1.848
0.02650133,0.0244014,4.1256
0.06900461,0.05987443,4.2725
5.09843636,1.62074268,1.2612
5.62861729,7.76108742,1.5222
7.20543337,8.38579096,0.6211
8,7.0846715,0.3232
6.31390715,3.9356668,0.3766
0.09143956,0.06194265,3.251
1.16280758,1.23260284,1.6605
0.01209053,0.01045713,4.6005
0.0151788,0.0101305,3.9556
0.13898471,0.11585982,3.2337
1.20074666,0.73034346,1.63
5.28609705,8.94941327,0.4842
2.41327214,1.31955922,1.7595
0.85554689,0.88060081,2.7765
0.23381846,0.12974635,3.0417
0.02681832,0.02073067,3.657
0.03325266,0.02804973,4.9024
0.17434344,0.17884044,3.5284
0.17700699,0.14978372,2.8192
0.08025265,0.01525006,2.8012
0.10213217,0.04226755,3.0234
0.09970301,0.10456184,3.9406
0.38891402,0.32344422,1.972
4.40382958,8.60781743,1.1943
4.1937418,8.76826293,1.0744
8,3.44528914,0.3011
8,8.07081457,0.2063
0.03587213,0.02277681,4.1513
0.24618134,0.16440092,2.8009
0.02229322,0.02081482,4.591
0.14629741,0.14147769,4.0676
0.87509996,0.18912362,2.0361
0.38300291,0.28065568,3.1782
2.18169618,2.03089452,1.8224
2.8560102,2.1371038,1.5185
8,8.55786957,0.5373
8,2.54447842,0.7127
8,2.91798949,0.5841
0.27226621,0.32198289,3.9869
0.0187758,0.0370595,5.2374
0.06376069,0.05629895,4.5119
0.17347786,0.1349937,3.7843
2.3152957,9.01177787,1.8429
7.13658428,8.66937793,0.9194
6.45037556,4.49276114,0.7352
0.23015147,0.19891876,1.9799
0.494542,0.30084533,1.9584
0.04099141,0.03875459,3.5627
0.17397425,0.07257309,2.3493
2.08093858,1.58017385,1.1864
0.82817125,1.60134924,1.9181
8,0.03830626,4.968
8,8.14987239,0
8,9.32603606,0.1774
0.56319368,0.45809573,2.7715
0.0271829,0.02905073,5.3432
0.02177269,0.01754654,5.2424
0.09614279,0.06970786,2.7301
0.04186839,0.04266382,5.0616
5.35647821,5.32892323,0.9015
0.70767999,0.66368866,2.3471
8,8.11497573,0.3363
8,8.79888332,0.21
8,3.84161949,0.1814
8,7.29184437,0.5736
0.05581841,0.04833357,3.9465
0.12751257,0.05027463,3.5121
0.13543539,0.10889659,3.4435
0.03655413,5.84857472,3.3439
0.06614719,0.06572214,4.3951
0.19639184,0.07588213,2.9047
0.01106447,0.01064094,5.046
0.0317828,0.02872056,5.2138
0.06286687,0.04713742,4.2169
2.96131468,8.30692667,1.4072
0.31238058,0.23670672,3.2033
0.01665611,0.00985082,5.3659
0.11665717,0.14805004,4.1913
3.5154345,1.51390636,1.1671
0.19628626,0.11091258,3.5615
4.11328554,8.22028189,1.5288
8,1.03447604,0.3625
0.74634647,0.74516416,3.367
0.00764951,0.00439164,5.3401
0.02578016,0.02664517,5.2359
1.12532377,1.15284061,2.2681
0.13071564,0.10621878,3.5555
2.00216723,6.8155632,1.8406
3.41640973,3.27344918,1.0813
0.45845756,0.19607998,2.8915
0.0423425,0.03887308,4.8066
0.05867954,0.05906623,4.7345
0.83757508,0.40850645,2.6995
0.04258319,0.03626474,4.5036
3.24539065,3.37501764,2.1238
0.00644435,0.0073013,6.4934
0.06742653,0.07415554,5.4087
0.03356985,0.01836952,5.2178
0.00899397,0.00974633,6.2273
0.04164324,0.0297631,5.3778
8,4.39336613,7.4525
1.19910622,1.20888555,2.4769
7.85188723,8.72054409,1.3094
2.85500121,3.50113297,1.9859
0.31229904,0.26135641,3.0618
1.92904282,1.61637998,1.4702
0.25044206,0.2349515,3.8193
0.12698089,0.14120138,4.1427
7.47363234,6.62754154,0.7999
0.42586872,0.40641379,2.8494
1.95809281,1.92047942,1.4957
0.0195941,0.02353929,5.5243
0.1035572,0.08818215,3.9183
5.33422518,8.74404109,1.0873
2.6322906,9.03671073,1.5113
0.17188624,0.16849423,3.2674
0.1969084,0.18973963,2.844
0.03881523,0.04903768,4.5241
0.10690148,0.09700853,3.2886
2.26913357,2.7325151,1.337
0.35075253,0.32578483,3.0484
4.87636519,6.43602085,1.0372
8,8.27624977,0.1626
1.22053409,1.20877469,2.7719
0.1251739,0.12129758,3.7926
0.06871372,0.07383665,4.6195
0.09899791,0.09218513,4.1631
2.16470361,8.61010003,1.8753
0.06171101,0.06101474,4.3635
3.02281165,3.61447024,1.3627
8,4.04781532,0.2292
0.04604648,0.04647229,4.7346
0.48988429,0.0168223,2.6857
0.00589247,6.30374775,5.2099
0.01947885,6.61119526,5.3576
0.82669681,4.90201664,2.7298
4.28721571,8.65647002,1.1401
1.64600635,8.50341388,2.3581
0.09186899,0.11510267,4.46
1.44143832,1.04400516,1.4881
0.36820489,0.4495652,3.3078
1.81262839,3.28314447,2.5074
8,0.00361865,6.8063
8,7.92392874,0.3788
8,7.54918575,0.3717
0.07790104,0.08635377,3.4438
0.73428047,0.40384886,2.0435
0.25397542,0.22970477,2.5283
0.03209829,0.02242837,4.1539
0.76959735,0.70932162,2.157
1.01651049,0.97703236,1.8441
8,8.06531091,0.196
4.55639458,2.94766974,0.3951
8,7.95090342,0.2984
0.14106906,0.13970427,2.6699
0.21217845,0.21105579,3.3657
1.33829701,0.24714692,0.9161
1.57469869,1.42118335,0.8519
0.02265886,0.02198464,4.3195
0.2179565,0.21459393,3.162
8,0.01164508,6.4903
5.20183659,8.08457847,1.0095
8,1.10533166,0.0208
8,8.25878532,0.1834
0.16681878,0.17395806,4.0906
0.13389011,0.02067368,2.6201
0.00267777,4.56649987,7.1184
0.05182117,0.04304832,4.4571
0.11951409,0.11703763,3.8619
5.38767242,8.48600434,0.9409
0.46547601,0.62463737,3.4375
8,2.30943179,0.3061
0.07471079,0.06983216,4.0161
0.25720677,0.16319725,2.5274
0.01913658,0.01116796,4.4939
0.77063841,0.36552143,2.1201
0.05578584,0.02989955,3.8473
0.07875777,0.06829532,4.0976
2.66582227,2.05172324,1.518
2.73942781,2.33279586,1.22
0.05881129,0.0283109,4.2034
0.3537938,0.28609255,3.5666
0.00495042,0.00468404,6.3166
0.04782648,0.04692021,4.7139
0.38925472,0.39056769,3.1885
0.7452237,0.6323548,2.83
0.06348606,0.0569001,4.3543
0.23158783,0.25652066,3.78
0.4688057,0.38648194,3.0522
0.00379453,0.00557232,6.9774
0.04314751,0.05055439,4.9117
0.0852207,0.07296546,4.3472
0.98645133,0.87596583,2.1877
0.54988289,0.57098669,2.9431
8,4.1368289,0.2699
8,9.17748411,0.1706
0.70176911,0.6492666,3.1359
0.02979739,0.02961331,5.2731
0.00410458,4.89522133,6.4498
0.0113229,0.01038629,5.8744
1.02324736,0.94079214,2.4255
0.0296276,0.02874053,5.2886
8,0.40614772,0.9611
2.93360472,8.8847698,1.8524
8,8.31659866,0.6156
8,8.3272445,0.8364
5.85788822,8.31073035,0.5896
8,8.49146784,0.2035
0.07082279,0.06090715,3.535
0.06704437,0.06772029,3.3621
0.00292017,4.91006441,7.0226
0.04879194,0.04913234,3.6088
1.06466556,0.20995385,1.6212
0.17350183,0.16681035,3.4983
2.47309446,2.78157449,1.1746
8,5.68391085,0.1657
8,2.06368613,0.2789
7.23560381,3.41952252,0.1933
0.01570103,0.01685348,5.8391
0.04370789,0.03908445,4.7622
2.40538859,1.32592559,1.3954
3.64975953,2.85504222,1.0404
0.21925274,0.20904048,3.4621
6.75086546,8.11682798,0.9825
8,0.01015002,6.9914
8,3.02217937,0.217
0.03723079,0.02329641,3.2136
1.52569389,8.42693841,2.7961
0.06361687,0.0177675,3.5574
0.03618873,0.02727878,4.9122
0.29658389,0.12632507,2.0185
1.34218824,1.07651293,1.0425
2.11415887,2.34082961,2.1034
8,0.02680807,6.095
3.64471698,9.13678214,1.9966
3.73977351,6.40142727,1.5608
8,8.11847254,0.479
0.07642883,0.08326316,4.4812
0.24045159,0.1945955,3.213
0.12391692,6.94266238,3.2954
0.04980978,0.04395682,4.4547
1.53262365,0.74436724,1.7043
0.25112009,0.24612951,3.5301
8,0.0157627,6.6097
8,5.9348383,0.0603
8,7.94906187,0.2558
8,3.70991087,0.302
8,2.50008726,0.5761
0.18384104,0.18538715,3.5
0.30905372,0.14870103,2.2204
0.00608818,0.00538334,4.9761
0.0515433,0.05255108,4.1571
0.79547656,8.0800133,2.0875
1.95166636,2.0953269,1.4973
1.76612127,1.79277158,1.9431
5.93597317,4.24696016,0.5977
7.76241922,8.23739769,0.6577
0.16149087,0.17728174,3.202
0.00826884,0.01329147,5.9558
0.16285108,0.16855131,3.3784
7.76456595,9.22972677,0.4206
3.05450654,2.22601533,1.2569
0.1019989,0.10118479,4.175
0.2009389,0.15992071,2.9952
0.00310838,0.00537617,6.7642
0.05961905,0.05877781,4.4865
4.34589911,4.0481,1.0698
0.36109659,0.31823328,2.7835
1.70819175,1.53049648,1.5338
1.56926525,1.24225199,2.1467
0.02297572,0.01382685,4.5754
0.05705904,0.05474415,4.1861
0.37224856,0.61841142,3.4388
1.93138528,1.45638287,1.4162
0.55708438,0.52805662,3.0737
0.00527451,0.00630941,6.7887
0.03144286,0.03038472,4.9712
3.50271273,8.76548761,1.3379
0.12633492,0.12668967,4.3275
6.61453962,8.10898579,1.0459
0.11705568,0.1238748,4.2745
1.37903512,7.38316583,2.5031
0.25415495,0.04583256,2.6177
0.02632038,0.02302237,5.2349
0.5192765,0.31981173,2.7238
8,0.02091353,5.9449
1.98105705,1.45886171,1.4087
8,1.03972554,0.3171
2.66164851,2.73406839,1.9767
0.01062293,0.00824152,6.0218
0.06246161,0.04197341,4.1707
0.16969553,0.12055011,3.4747
8,0.09119517,0.3515
0.14102139,0.11544108,3.341
0.07883524,0.06828588,3.5502
0.08550394,0.06321346,3.7813
0.05398174,0.04686497,4.2756
2.37411141,1.36178505,1.5339
8,0.90399516,0.4053
0.15099874,0.14699848,3.4967
0.24663179,0.14020512,3.0172
0.01755916,0.02129555,5.7164
0.08824352,0.08407939,4.1128
0.51106989,0.41258937,2.709
0.4203893,0.09966248,1.6136
2.41757631,2.45056391,0.5537
0.01274291,0.00340915,4.8113
0.10296394,0.12036145,3.6886
0.91578198,0.14583641,1.5667
2.47070217,1.12036645,1.1215
3.02913356,3.22886133,1.4118
3.02731919,8.31435018,1.8386
0.10596789,0.11340004,4.0595
0.34871635,0.3373034,2.4007
3.86564946,2.83414936,0.9598
0.01176206,0.0110648,5.357
0.03730407,0.0340374,4.822
3.21536803,8.38024046,2.0258
8,0.70685685,0.3737
8,3.70465422,0.4683
0.05317352,0.04841532,4.2099
0.23956303,0.23024245,3.4861
0.603661,0.05936118,2.6134
0.00379505,6.68714969,5.4653
0.08793364,0.08117606,4.0713
0.592089,0.54186159,2.792
2.84283471,2.64698339,1.3872
8,4.99596548,0.2396
0.19934934,0.1843743,3.0683
1.56142604,2.87123275,2.1066
0.4900499,0.34036604,2.4655
0.01816971,0.00906932,4.3007
0.13488102,0.13523285,3.8702
1.72801268,2.77035642,2.2588
2.64193225,2.56695795,1.2743
8,2.52903414,0.2714
0.13419692,0.13712682,3.7247
0.13799757,0.0917303,3.606
1.02574968,0.77695274,2.0877
0.03525318,7.226897,4.299
0.01586006,0.02017334,5.3968
0.08542386,0.07454404,4.0222
2.88746381,3.23288369,1.4209
8,0.25306389,0.3102
8,2.3906641,0.221
0.07874567,0.07729551,4.3709
0.32262719,0.34307391,3.4797
0.95285028,8.0957742,2.5158
0.00877331,0.01069605,5.4913
0.09441426,0.07829594,3.7359
1.541857,8.80274247,2.5477
8,8.08769518,0.1723
0.44966215,0.44039884,3.259
0.02026637,0.02380819,5.5938
0.22518882,0.20010361,3.2177
0.19456907,0.2671842,4.1862
8,5.8645495,7.1858
1.32667041,1.42496491,2.6843
8,3.20615721,0.2601
8,8.12600534,0.35
0.38813812,0.22422959,2.0787
3.72578216,0.29809913,1.6719
0.391233,0.27037984,1.9126
0.01797454,0.01793095,4.2393
0.08274639,0.06543615,3.2379
1.13095605,0.72867173,1.5711
4.98061419,1.86981237,0.8141
8,7.39591885,0.0218
8,3.23373437,0.1819
0.1011454,0.11152129,4.4138
0.06461856,0.01340779,3.7177
0.00405059,5.79195186,6.7585
0.07805437,0.07964327,4.1845
0.22603795,0.21271516,3.3291
3.16863871,9.00265084,1.5768
2.14965892,3.44203162,1.6271
1.98669505,1.99235559,1.7777
8,6.85480976,0.5781
0.6604628,0.37917262,2.4817
3.12263632,8.06407133,1.3212
0.09386329,0.09216943,3.9954
2.86977553,3.82698774,1.4907
1.78911376,1.17098427,2.263
8,8.6339758,0.0789
8,8.03785626,0.2098
8,3.76573348,0.4002
0.08698244,0.07665116,3.2431
0.16512077,0.15014386,3.5233
0.32165724,0.44334117,3.0873
0.00335582,5.25925632,5.4204
0.09379122,0.08882408,4.0085
0.20539238,0.18841164,3.3451
0.06934998,0.04895727,2.6612
0.45351225,0.30391023,1.7691
0.38041702,0.03285882,2.8214
0.01026361,0.01123645,3.9711
0.0481797,0.0505479,3.5197
0.68677437,0.229739,1.5515
5.02935934,5.11458921,0.5411
0.74954063,0.56899941,1.7677
0.06811049,0.0620062,4.3483
0.14136624,0.12587999,3.4648
0.77396029,0.65561509,2.2368
0.00320871,4.91158365,5.8073
0.13777515,0.10494902,3.6862
0.36909401,0.3369374,3.1664
1.43714893,8.02260655,2.1313
8,8.31611513,0.2345
0.08245836,0.07166071,3.4803
0.15040378,0.08451576,3.4381
0.43817216,0.38645777,2.7868
0.01975488,0.00731432,4.8153
0.01645394,0.01192483,4.0096
0.05007985,0.0407294,4.357
2.61271167,8.1400125,1.5713
2.56502914,8.00918791,1.669
1.18135262,3.5053196,2.4189
8,8.22623002,0.3683
5.70425987,4.00161696,0.5173
1.02065706,0.97711957,2.5398
0.01010388,0.00646643,5.7467
0.06384793,0.04985412,4.2803
0.34815967,0.50971341,3.0622
6.62267351,3.34707475,1.4536
7.55710125,8.7582144,0.5391
0.3620019,0.22121218,3.4009
0.11808878,0.0858104,3.9479
0.020692,6.31619674,4.5666
0.00950259,0.00848958,5.4592
0.01193112,0.01234656,6.1262
0.07034354,0.05608167,3.9765
0.54971397,0.54068232,2.6454
4.87359428,5.96649027,1.0578
4.26540613,4.05886126,1.1751
0.5941664,0.53991205,2.6965
0.0210595,0.02207361,5.5533
0.00332529,4.49334832,6.9777
0.01079169,0.00993447,5.9228
1.32746553,1.95761263,2.289
0.02956168,0.03008648,5.2524
3.55644441,8.31722535,1.3994
1.77820849,1.78399324,2.3245
2.8703928,8.38823385,1.9616
6.98227263,7.04285574,0.7179
8,2.03610897,0.7028
8,3.42078209,0.5583
0.80582023,0.38511458,2.0471
1.41367602,0.63383144,1.9162
0.2825523,0.24401075,2.6997
0.14805181,0.14117166,4.7984
0.2662932,1.03587771,3.5208
3.46498275,2.41635728,1.3862
1.78702629,3.00293207,1.8955
0.20274968,0.16887884,3.2763
6.51230431,8.2341209,0.7466
3.24893212,8.06571762,1.9364
8,7.16204214,0.4298
8,2.60253978,0.1184
8,0.61339867,0.0811
0.36470345,0.31143108,2.7475
3.48510814,2.30688715,1.6191
2.62776566,2.76161766,2.3485
0.1667368,0.17977689,3.3768
3.36727572,2.43303323,1.112
2.30443764,2.25409222,2.4824
8,1.4950701,0.0386
8,8.52866431,0.2676
8,8.0844595,0.2215
0.14612895,0.14089161,4.0967
0.07627518,0.07663322,4.2914
0.00511186,0.01152137,6.193
0.02520801,0.02230662,5.1246
2.69638252,9.03502476,1.7808
0.07690463,0.07298923,4.034
6.16468096,7.82411957,0.9127
8,8.40475538,0.2157
8,1.44262493,0.0768
8,8.04863537,0.1871
0.45915532,0.33346641,2.2591
1.58078206,1.53624821,1.8003
0.65264636,0.43228999,2.0923
0.0082283,0.00319232,4.5514
0.10043473,0.09286412,3.9406
0.22894901,0.24783826,2.9929
3.77521443,8.99002649,1.3031
4.09871531,5.48757887,1.1837
0.01858925,0.01654092,4.5708
0.14464153,0.06261859,3.4602
0.02240205,6.72170229,4.0762
0.01105308,4.49859507,3.4582
0.02978321,0.01911704,4.7692
0.22412244,0.0924556,2.9714
0.22690423,0.15206635,2.8504
1.34134305,1.22747922,1.9905
0.0277278,0.02519041,5.2974
0.68753439,7.15043756,2.4419
0.03316696,0.02826165,5.2321
1.27774584,0.36797461,2.6169
3.51020002,2.47342062,1.1223
8,8.20611946,0.4059
0.66639417,0.68812692,3.1534
0.05930118,0.04673747,4.3124
0.24827014,0.24296157,3.6015
0.16454597,0.15742905,3.6358
8,0.0167014,6.84
8,1.58835959,0.9299
0.31749424,0.17761557,2.8866
0.58097082,0.77749252,2.7183
0.0455274,0.00604488,4.1038
0.12355956,0.12029044,3.9079
0.28227434,0.26126272,3.336
4.20477247,4.18987322,0.9837
8,1.65655077,0.1695
0.21208721,0.19053903,3.252
0.56997383,0.53520066,2.6162
0.01023574,0.01430019,6.6738
0.10272537,0.09816021,4.0304
1.68189299,1.0341059,1.8703
0.5447374,0.52936477,2.833
8,7.05183315,0.4858
0.05854987,0.05665688,4.7147
0.10038691,0.0958303,4.2414
0.89482492,7.44825273,2.6605
0.03540568,0.03116173,4.8403
0.17822389,0.1385587,3.252
1.20788789,0.93487483,1.8762
2.60413671,2.44481635,1.8779
8,0.11545117,0.1666
8,3.63231635,0.2963
0.00667355,0.00762011,6.5863
1.36016297,0.98282313,1.8523
0.08952288,0.08238986,3.2117
0.09992994,0.07916812,3.1892
0.59730542,0.28995854,2.4495
0.27757472,0.2192589,2.2885
6.35458088,8.34745116,0.8161
1.63680291,3.40622425,2.0384
8,7.24379921,0.1393
8,2.47800756,0.0747
0.04638156,0.040542,4.7362
0.06757481,0.05863022,4.2032
0.0193744,0.02093774,5.29
0.00833682,0.01839678,5.3406
0.0166556,0.00380089,5.165
0.19988291,0.14883892,3.6049
0.25681984,0.21583808,3.2961
0.91939044,0.36433604,2.0726
0.01707792,0.02732128,4.9742
5.9916749,8.1183117,0.7123
2.5986619,2.90107298,1.7151
0.3052648,0.29693177,3.5381
0.07266989,0.0723787,4.6729
0.27463117,0.10896561,3.3518
0.01138605,0.01003106,6.1828
0.76186907,0.74822396,2.9182
0.04821672,0.04966462,5.118
8,0.01790758,6.9156
1.13147736,1.09264076,1.9956
8,0.53553104,1.1565
8,0.91268271,1.2901
7.26567698,1.6498872,1.1833
0.08861029,0.08934405,4.2295
0.0128388,0.01376879,5.9343
0.08137615,0.08079835,4.2545
0.0074986,0.00783372,6.3485
0.02032623,0.01950438,5.3795
0.04361734,0.04383746,4.8885
8,0.00305314,7.2797
1.84462321,1.84271598,1.8252
0.99843431,0.98018926,2.1811
3.41158462,8.01226891,1.4035
0.1647711,0.14895335,3.4983
0.29067513,0.28587413,3.2084
0.00991278,0.0106692,6.3818
0.12004218,0.11735963,3.9949
3.02959895,1.61069155,1.2236
0.32441136,0.32181433,3.3175
0.77705771,0.54914987,2.2767
0.98527008,0.71238512,2.0615
0.0544406,0.04679781,4.6721
1.56351423,1.02155221,1.4705
1.45776093,1.17462361,1.9499
3.09807706,1.82201445,1.3449
4.3976779,9.1045941,1.3702
0.18026976,0.16456302,3.573
0.01099838,0.01241929,6.3589
0.13797213,0.1322591,3.7559
3.67214251,3.81162357,1.5412
0.32703829,0.32533622,3.2347
0.01991026,0.01813148,4.9358
0.06762362,0.04306381,3.634
0.01115201,6.08114394,4.7079
0.00330415,0.01303479,6.0989
0.00967196,0.01082635,5.8552
8,0.00995297,1.7116
0.40075886,0.33841196,2.712
0.11084988,0.08414794,3.955
8,8.06115151,0.3093
8,2.74168396,0.3712
0.06124071,0.04048495,4.1622
0.73838651,0.39879426,1.82
0.05115756,0.04977882,4.6195
0.07344765,0.06446889,4.2428
1.55544102,0.56815308,1.7195
0.11532969,0.11452267,4.3889
8,0.03771324,2.1154
8,5.95783356,7.0402
2.93838549,2.41508937,1.003
8,8.30852274,0.5547
8,0.17810458,0.1617
8,8.04966956,0.4736
6.81714535,8.33599037,0.6742
0.18733622,0.17851758,3.4843
0.25243124,0.06186865,2.8579
0.01028381,0.01029857,5.4667
0.11038089,0.09680864,3.9718
0.37569547,0.2588478,2.8842
5.21079397,8.28985385,1.6433
2.82433486,2.36732745,0.7268
8,1.01547599,0.7307
0.05303809,0.05208059,5.0587
0.06895798,0.0543386,4.3045
0.03929398,0.03919971,5.2619
2.82759094,2.98066378,1.7799
8,1.58300364,0.8748
0.24593186,0.16305876,2.8123
0.34705433,0.30912203,3.6816
0.00432114,5.44507716,5.2836
0.04846326,0.04575821,4.6118
1.3081733,1.12760687,2.0783
1.32532609,0.55085504,1.6073
2.11744165,8.7483387,2.0829
2.44976473,3.38988972,2.0012
0.11701074,0.11268242,4.4584
0.00760066,0.00545011,5.944
0.02664011,0.0233536,5.185
0.0889089,0.09824938,4.8071
0.13301678,0.12112322,4.2576
0.13840944,0.05546913,3.9475
2.51516271,2.5250113,1.8126
2.27754998,2.3080585,2.1103
2.78876662,1.80531037,1.5548
2.81934977,2.4367342,1.5834
7.33329296,8.65627186,1.6375
8,8.96954512,0.8892
0.00628035,0.01171113,6.109
0.06610655,0.02122336,4.381
0.00800586,0.00851715,5.695
0.04671191,0.04126204,4.5723
0.34450468,0.29126644,3.5494
5.91658211,3.45936728,0.6826
2.85526443,9.08217803,1.3572
0.46682942,0.46808457,3.0313
3.64880633,3.20495796,0.8398
0.01150914,0.01066608,4.6234
0.01189397,0.01600823,5.4403
3.18650413,1.50847089,1.318
5.77754545,3.87843967,0.8719
0.08412033,0.07676872,4.1782
0.16377683,0.17259562,3.9755
0.02205309,0.01237434,4.5513
0.02552285,7.48908941,4.5944
0.03571103,0.02724861,4.788
3.33858633,8.88525415,1.389
1.06115508,0.98047561,2.1884
0.34708098,0.18660486,2.1313
1.01434231,1.50955832,1.3035
0.4044511,0.19131999,1.7299
7.50504065,7.04624796,1.357
0.0205422,0.01304982,2.9449
0.07609612,0.03627798,2.9172
1.16513217,1.21559453,1.0875
0.45838714,0.4488692,2.6998
3.45918584,1.45222437,0.1818
0.06375482,0.06115777,2.5108
0.00262309,0.00264277,5.3017
8,8.2795741,0.9602
8,8.34532909,0.0802
0.30633116,0.32617927,3.3292
0.14570081,0.13540001,3.4858
2.34122586,0.48408219,1.4552
1.19735754,0.9190445,1.8313
8,3.63578391,0.0421
0.02039724,0.01780379,4.799
0.12476116,0.08226765,3.4086
0.00515594,5.45517009,5.817
0.11480118,0.08706575,3.7698
1.15587974,1.14700067,2.1067
0.07929435,0.04584125,4.1961
0.14655833,0.14412884,3.1829
3.18488932,1.78829968,1.452
0.00989863,0.00472434,4.6377
0.33043182,0.19478747,2.9629
6.8318224,8.69690903,1.1787
8,8.14315434,0.23
8,2.0284276,0.1524
0.07963982,0.07102741,3.5106
0.79115027,2.5711658,2.9178
0.01113301,0.00642005,5.4331
0.08338569,0.06956542,4.0878
3.53905892,8.67499128,1.9146
8,8.90184239,1.397
8,9.15658089,0.4055
0.09997908,0.05460281,2.9933
0.22780182,0.18196879,3.2016
0.00769334,0.01124294,5.9668
0.05924473,0.04672342,4.0233
2.38020968,2.02789474,1.3047
0.89785415,0.76582927,2.1326
2.80612803,2.18798447,1.2327
0.0637509,0.06152464,4.2751
6.26819611,8.60292124,1.0809
0.0290351,0.02950237,4.9726
0.09872909,0.08505832,4.002
0.2475998,0.23622268,3.151
6.89698935,7.54740048,0.8719
0.17063396,0.08181905,2.8905
0.19936161,0.17447642,3.3047
0.01382105,0.00989009,4.4553
0.12132134,0.1198494,3.8005
4.3495059,8.21936783,1.205
0.47257286,0.34824169,2.5101
6.14935875,9.53748681,0.9033
8,5.26136255,0.1424
8,8.92736466,0.2335
0.07596647,0.04735309,2.9418
0.08466613,7.03755365,3.6668
0.00954898,0.01494344,5.6597
0.09118707,0.09154567,4.264
1.33101845,0.84221703,1.5223
2.13271952,1.09691668,1.6179
1.6492461,1.90611184,2.0796
8,7.01048088,0.4732
8,3.18012023,0.3662
8,1.48692048,0.5514
8,3.86026478,0.4633
0.07897221,0.05571483,2.8736
0.11736719,0.11418162,3.9472
0.07517821,0.07416946,4.0635
0.33376315,0.36008596,3.3578
0.05264521,0.05266033,4.352
0.10161573,0.10278413,4.1439
0.59572011,0.58667928,2.9401
0.55646002,0.57865804,2.8646
0.02473921,0.02380068,3.9905
0.22278713,0.05270449,2.4814
0.43368545,0.49224335,2.5264
0.01582453,0.00627533,3.5462
0.01322677,0.01336372,4.7617
0.08949538,0.09480131,3.7953
0.64464504,0.48323479,1.9746
1.3621285,1.25279534,1.3463
1.08285904,1.38917005,1.8001
0.14840704,0.07807731,3.0959
1.19112003,0.068334,1.7382
0.0396,0.02348709,3.249
0.08686493,0.09541461,4.0381
0.93826699,0.79903716,1.549
1.32654822,1.07937264,1.327
3.97073579,8.0210133,1.0461
2.41371703,2.50358892,1.4364
8,8.08508958,0.1084
8,9.11053932,0.2426
0.14793132,0.12503187,3.558
0.20967381,0.21396166,3.7125
0.00710695,0.01543361,5.6526
0.13646288,0.10553405,3.5626
0.23321937,0.17153762,2.2147
0.67623216,1.38988638,3.3382
5.23373795,8.60228897,1.2638
8,0.92574304,0.2728
8,0.20276712,0.2073
8,3.87454939,0.4166
8,8.72090981,0.6913
0.26804981,0.1553167,2.3125
0.61872971,0.79949188,3.0533
0.26706335,0.08423103,2.4795
0.03636594,0.02148786,4.1579
0.07822242,0.08688398,4.1274
5.74815416,8.50420413,0.9508
3.43208528,5.61833811,1.3742
0.04655073,0.03601104,4.2066
0.00353722,5.69452227,6.5769
0.06543969,0.05447903,4.3584
0.73897654,0.69182318,3.0649
1.73359621,1.36054826,2.016
8,8.23014535,0.4302
8,8.10898822,0.2654
0.04472673,0.03307944,3.7846
3.09374929,2.62784934,0.8074
0.11618324,8.02029207,3.3811
0.01655662,0.01252315,3.3674
0.01905825,0.02493007,5.1333
4.46808863,4.1648097,0.7397
8,0.00406351,0.1767
0.03451476,0.03279643,5.2895
0.07240358,0.07222673,4.9054
0.00438198,5.33753333,6.627
0.04153016,0.03729032,4.8471
0.18309134,0.10060486,3.5476
0.0359019,0.03509903,5.3799
2.38683724,2.69433022,2.2442
0.68066156,0.65006965,3.3459
8,8.52843496,0.8707
7.96523523,9.09830471,0.8573
8,2.35163784,0.9438
6.03333044,4.66246367,1.2174
7.00139093,8.07838632,1.2132
0.26439777,0.23154965,2.8671
3.29674459,1.01020145,1.3318
4.78810597,3.75225592,0.7534
1.0527122,0.89336884,2.248
8,0.81392509,1.589
0.11341639,0.07676471,2.7224
0.19499695,0.18883365,3.0723
0.00294952,0.00619912,5.1908
0.06752292,0.08850101,4.2462
0.04148935,6.81143048,4.0317
0.34726229,0.30820948,2.8877
1.60018134,6.79589081,1.8879
8,3.47710228,0.2487
8,8.00245526,0.1109
8,0.04148249,2.1174
0.26911429,0.23547739,2.4196
0.05708008,0.0910617,4.53
1.10175264,0.89197618,2.1888
3.66307163,1.59888744,0.8072
7.62637472,8.24360005,0.7985
8,4.60686207,0.2981
0.01528151,0.01383642,4.5194
0.16386239,0.16050807,3.5838
0.3009809,0.22801438,3.1451
0.03955197,0.03611387,5.0943
0.06257974,0.06230405,4.5073
1.56435514,1.18077564,2.0307
8,0.22329548,0.0156
8,4.67196465,0.1748
0.02640949,0.03153061,4.996
0.08975698,0.14720064,3.6813
0.03555502,0.03478035,4.4466
0.00306664,5.17716491,6.6492
0.03037137,0.03165373,4.8641
0.05430779,0.04403731,4.4313
1.28485131,1.37594366,1.8716
8,4.44731855,0.3496
7.85562754,8.4105927,0.5732
3.98864842,3.37268591,0.618
7.53878117,8.20650458,0.4757
0.12571734,0.02189391,3.2255
1.58294487,1.73228908,1.4213
0.15673952,0.14539012,3.8559
0.00847538,0.00740513,5.7354
0.01400184,0.0130622,5.3056
0.17039035,0.00578927,3.8351
6.39541817,7.16638899,0.3437
2.39870977,1.97439349,1.3403
0.06409361,0.02789722,3.0497
0.05437123,0.01630898,4.1166
0.01045312,0.01095025,5.5116
0.11399981,0.07879897,3.572
0.19008727,0.19418076,4.0293
5.21135473,4.4286685,0.7931
8,8.37990468,0.2508
8,8.40302794,0.3981
0.76186907,0.43501809,2.2438
4.66539955,2.90594077,0.7718
0.00705973,0.00761691,5.0352
0.05474671,0.0491929,4.3973
1.59605694,6.78565311,2.1719
0.28438994,0.27532971,3.5976
1.68903911,1.61019456,2.0535
0.04605921,0.04676782,4.8923
0.00982259,0.01061484,6.5657
0.012748,0.01154584,5.8478
0.05818942,0.05459616,4.5194
4.05892754,3.91334748,0.9159
2.06168819,2.20149708,1.9715
0.23806991,0.19389054,2.8877
0.04403678,0.03246312,4.3199
0.10135227,0.07121495,3.936
0.69597179,0.04708051,2.517
0.17722194,0.08951175,3.4086
3.85621905,8.58244493,1.5411
8,3.47638416,0.2665
0.04906629,0.0476996,4.9167
0.53935832,0.55809921,2.5802
0.0289447,0.01949332,5.1832
0.14027597,0.11226416,3.6894
0.58761281,0.08381322,2.3273
0.14649081,0.14127193,4.0152
8,0.03076441,1.0569
8,4.50852442,0.3102
8,9.40238282,0.1732
8,7.24250507,0.2542
0.02339528,0.0210536,3.4569
2.51338601,0.88360912,1.4571
0.00933347,0.01050658,4.676
0.09329976,0.08354142,3.9486
0.64078462,0.62313598,2.1324
4.38004732,8.21310934,1.1931
5.232934,5.04509258,0.9905
8,8.32822946,0.1764
0.18810329,0.1667946,3.6954
0.29275891,0.26594868,2.9776
0.73453993,0.24312969,2.6131
0.01844758,0.02003998,4.9461
0.03588205,0.03887799,5.2809
0.81587207,0.55033463,2.1728
3.95132518,3.6483047,1.2731
8,8.30535876,0.237
0.05569507,0.05310323,3.3781
0.8536433,0.82116669,1.7151
0.00264905,0.01138187,5.9467
0.08497494,0.07780938,3.3759
1.42127538,0.44576749,1.6132
1.4634825,1.27073062,1.6636
2.90584135,2.83326221,1.3584
8,4.19251585,0.066
0.76438952,0.79903841,2.9811
0.0480474,0.04774792,4.7396
0.00280359,30,7.1153
0.04118455,0.03976687,4.6797
4.997859,9.02064493,1.0673
0.14750245,0.14970455,4.1211
7.08644104,8.23394262,0.8231
0.02626666,0.03375443,4.244
0.4162125,0.03389555,1.4783
0.01152206,0.01608992,4.4533
0.07211386,0.079076,3.797
0.70968318,4.6684866,1.7644
0.03539372,0.03615619,5.2552
0.26030719,0.22995064,3.1297
0.14635135,7.51515698,3.546
0.00425325,0.00312247,6.0863
0.03853126,0.03214866,4.8531
0.22340402,0.11098553,2.7444
1.12387252,3.22907376,3.279
8,8.14878171,0.1502
0.10002056,0.00895897,3.0418
1.70174861,1.62332404,1.8317
0.13382842,0.10102374,3.6257
2.50898814,2.70360065,1.7076
0.23859713,0.07152229,1.6359
2.03841543,0.88089407,0.7979
0.01461545,0.01498452,3.6008
1.6965543,1.79863691,1.5681
1.84371662,1.53129435,1.9546
2.58373475,1.83464849,0.8634
2.83969212,7.84142304,1.0381
0.10301457,0.11328213,4.2291
0.87514031,8.89399746,2.7425
0.0180221,0.0210487,5.8456
0.1075736,0.10476582,3.9704
0.67195547,0.16918708,1.9411
2.5241425,2.39421654,1.6733
8,2.61590314,0.2512
8,8.69908514,0.1523
0.03912113,0.03397006,4.6215
0.01607765,0.01693792,6.0885
0.21618252,0.17454699,3.2273
1.57709527,1.03002024,1.7395
0.65352923,0.64491284,3.4943
6.67096996,8.14340444,1.7164
8,0.41086879,0.7496
8,0.22272554,0.5767
8,0.49948424,0.689
8,1.18122387,0.3413
0.04943854,0.04936441,4.3177
0.01865734,6.97965438,4.6718
0.02297607,0.01584056,5.0687
0.06066114,0.06284785,4.8522
0.31338513,0.28501037,3.1318
0.04978148,0.0274982,3.8862
0.05889085,0.0523353,4.5178
5.85222149,8.44738571,1.4694
0.33714879,0.35838634,3.0734
2.75631261,1.34156549,1.8628
8,8.68441132,0.8682
0.0169548,0.01775896,4.712
0.20396803,0.1954612,2.2235
0.02868707,0.10512165,3.8767
0.06993841,0.1487336,3.9983
3.14758349,8.58824247,1.0145
0.20950639,0.31505179,3.2599
0.38649595,0.32188925,2.1425
1.00978696,1.01320458,2.0451
7.71095753,8.18040281,0.456
0.24323794,0.12909791,2.669
0.0224048,0.02082637,4.2575
0.06680175,0.06387255,4.0816
6.86264134,8.34860003,0.845
0.73099411,0.44043565,2.3495
8,9.11966269,0.2825
0.03066154,0.02402693,4.5681
0.49435213,0.13026393,1.9891
0.00990198,0.00938362,4.3317
0.1768575,0.16652927,3.4336
0.98907644,0.62459886,2.4608
1.7483592,1.50110507,1.4616
8,2.37358642,0.1289
8,1.55433822,0.3035
5.5909586,8.19809054,1.4162
0.08607987,0.08782367,4.1316
0.95937157,0.8320843,2.1058
1.77673411,1.78684533,1.9441
8,0.0092359,5.9981
8,8.2530716,0.3297
0.60542554,0.55931199,2.4837
0.00929712,0.02304008,5.8733
0.04596167,0.04494317,4.8627
0.75294507,0.72444874,2.8858
0.1284622,0.11200917,3.9417
1.57859802,0.00481112,2.844
0.01465705,0.01175342,4.4458
0.12201101,0.124558,4.0278
6.62267351,8.13601335,1.2461
0.01096481,0.01088414,5.6099
0.05876704,0.03014605,4.3663
2.20172882,3.30519462,2.3001
4.12752724,3.35574508,1.6053
0.19822557,0.19411887,3.7898
5.634933,2.62554383,0.6435
8,2.79715991,0.6011
8,1.00342286,0.7681
0.21586393,0.19288373,3.2288
0.23440106,0.15655914,2.8012
7.06904459,8.14975329,0.98
8,8.70179187,0.6033
8,0.64882755,0.9544
0.06768805,0.05304612,3.7468
1.43025529,0.99245012,1.6349
0.10805556,0.05830595,3.5689
3.09256148,1.66216612,1.0589
8,0.14935567,1.3576
0.10448881,0.06345156,2.7409
0.51926059,0.45117548,3.2706
0.01810618,0.01491377,4.4405
0.12150972,0.04099179,3.208
0.69081634,0.18414815,2.1873
1.05057967,0.54664397,2.1361
8,0.10357466,0.3069
8,3.14747334,0.2995
0.01379581,0.01426718,5.2972
0.1946169,0.12424775,3.7968
0.05364446,0.04919825,4.6373
1.39995301,1.43715036,2.2016
0.02733658,0.02380418,4.4088
0.15753369,0.15110736,3.5342
0.01445335,0.02234029,6.0005
0.07241248,0.06168959,4.3192
4.13025475,3.82950783,1.5553
0.15322323,0.10471974,3.7848
5.29219103,4.12271929,0.7501
8,8.82603126,0.645
8,7.90447998,0.312
0.26725215,0.23255539,3.5108
0.44033143,7.09024754,2.7295
0.01495086,0.01476081,5.549
0.15109387,0.10938412,3.6257
0.2542018,0.03163273,3.8423
4.31390572,8.03910401,1.9109
8,8.62741137,0.7121
8,0.92126179,0.4863
8,0.61638433,0.2706
0.23096255,0.10351963,3.0332
0.03154251,6.36848773,4.533
0.0058196,0.00547284,4.6431
0.02476811,0.02204533,5.3657
0.10876334,0.09040846,4.1958
0.11738702,0.11173661,3.8781
0.04049384,0.05519043,5.3744
0.04550362,0.04281441,4.6853
0.05234684,0.0522191,4.8723
3.73472142,8.43099207,1.299
8,9.14384095,0.3304
0.1429451,0.14840747,3.195
0.06662036,0.07331827,3.5793
0.43335912,1.3399564,2.8124
8,1.29968071,1.0754
8,8.27582679,0.6779
8,8.5145175,0.5458
0.04862209,0.04831103,4.7653
0.04101597,0.03831875,4.6028
0.00391821,5.39545968,6.7078
0.05066562,0.06054474,4.9662
1.48529339,1.45951951,1.9009
0.02147605,0.02263061,5.3324
0.19037366,0.18641332,3.6676
0.01347824,0.01144923,5.3017
0.07372574,0.07858843,4.4962
0.94656241,1.12046826,2.1076
0.25864503,0.24587214,3.1705
2.31294942,2.29358554,1.6265
2.28185749,2.15654135,1.7164
8,5.29833841,0.3716
8,8.23935923,0.3346
0.20097902,0.16593751,2.8561
0.47883543,0.470456,2.5822
0.0558553,0.06413181,4.6902
0.06371859,0.06200701,4.5306
2.06844521,2.84474754,1.9641
0.31521502,0.18545967,2.5565
0.07633848,0.07491618,3.875
0.00669532,0.00823034,6.6116
0.02996954,0.03037016,5.0863
0.93362302,0.92033261,2.2823
8,3.6067009,0.5558
0.01445979,0.01544039,6.104
0.00349632,0.00271818,7.0911
0.00791646,0.00862783,6.4125
0.00733691,5.86218668,5.7935
0.0281177,6.71537904,5.4525
0.03175741,0.03253135,5.6936
0.09822685,0.09721217,4.9124
3.72681236,3.6966002,2.1439
0.3158209,0.48722455,4.6298
2.66733789,1.85485101,2.0672
2.42948985,1.34888649,1.3969
0.02134908,0.01475952,5.5993
0.00394897,0.00297852,6.7558
0.0086177,0.00616461,5.9569
0.30039427,0.1337145,3.5251
0.01710706,0.00652326,5.7389
4.35686159,4.38380957,1.6808
5.80913878,8.61093276,1.5338
3.66402817,3.22954011,1.6592
0.32333171,0.29553676,3.7225
0.33131117,0.22908559,2.4006
0.21599993,0.26886037,3.8717
0.01800577,0.01322294,5.5941
0.91559911,0.92486358,2.9462
0.40384889,0.45061028,3.1229
8,2.42606473,0.838
0.27181906,0.19663918,2.3529
0.02381664,0.0301875,5.3376
0.20677583,0.23471572,3.2096
8,1.9583714,0.6568
8,0.61671257,0.8864
8,2.98758793,0.0147
0.99664146,0.76175201,2.6606
0.41791675,0.49437618,3.4797
0.13995525,0.14710172,4.0845
5.46611929,8.23058955,2.3151
0.6088391,2.02089977,3.1009
0.16906065,0.1371931,3.2581
1.21525812,1.22751224,1.4986
0.02244028,0.01809942,3.5975
0.15228461,0.15486516,4.287
2.24620915,0.54289901,1.438
0.6938901,0.68929011,2.3142
3.76988292,3.38584948,1.2515
0.01785977,0.01732134,5.2123
0.0758056,0.07314441,4.1061
0.11373393,0.11065388,3.6422
0.25909838,0.22880045,2.14
0.05337812,0.02404528,4.163
0.07035867,0.06993326,4.3579
8,9.2495147,0.358
0.09716132,0.08505565,4.5197
0.01326319,0.01266419,5.7256
0.23488046,0.21554709,3.4198
2.60737896,2.01650953,1.8715
3.5432477,3.06412411,0.9347
8,0.00855249,6.9625
0.06845454,0.08000915,4.7234
0.00287093,0.00363143,7.1403
0.01013622,0.00898622,5.6889
0.04596167,0.04668907,4.5568
0.0819973,0.12246587,4.9855
1.59669459,1.57514107,1.6047
0.02095688,0.01830367,4.5336
0.21262221,0.18620883,3.4062
0.06495994,0.01262096,3.7488
0.00405202,0.00327038,5.7431
0.01962301,0.01642354,5.4217
0.13022059,0.11867868,3.8799
1.23667073,0.96965301,2.0974
8,5.10997534,0.259
0.14646831,0.14064267,4.5868
0.04603162,0.04656991,5.3433
0.02663766,0.01784424,5.2407
0.00261794,4.82007277,7.2501
0.0632913,0.0584808,4.5822
0.02192372,0.01851608,6.0318
1.77517903,2.43080735,2.06
0.64311194,0.68742925,3.4513
7.838871,8.86287191,1.1808
8,4.4443574,0.9013
7.06850147,8.57268423,1.2846
8,1.82345629,1.6642
0.81463224,0.59298372,1.3119
0.20671548,0.18640737,2.8245
0.00506971,0.00615143,5.9739
0.12660496,0.08674586,3.6454
1.10885,1.18065774,2.2176
0.25220254,0.22333317,3.5973
3.71070266,8.13675946,1.392
8,6.0819087,0.1603
8,3.38345432,0.1513
0.00268539,6.2691959,6.2607
0.05967219,0.0509945,4.2531
2.10456729,2.22980189,2.5258
0.32807484,0.28781095,2.9064
0.00617474,0.01225308,5.9629
0.06053268,0.05481246,3.909
0.70674568,0.40427843,1.9443
0.066732,0.06951751,4.5965
2.56644797,5.3853159,1.3124
8,8.20608858,0.4447
8,6.20959711,0.3759
0.20752683,0.1628938,3.2444
0.74365699,0.74766052,2.0817
0.0264993,0.02201106,3.8856
0.04554348,0.06023852,4.9023
2.22837186,2.10554481,2.3197
3.28446102,2.95635605,1.5907
7.79037237,7.30606222,0.2754
8,6.77658939,0.3222
0.02324267,0.00930589,3.5542
0.10651953,0.08683297,3.6394
6.01935148,8.55038953,0.8891
8,0.62760758,0.9748
0.03781179,0.03758144,4.9795
4.23433018,2.69765663,0.6468
0.00683667,5.50431146,5.6311
0.10424031,0.09657259,3.9164
0.11363089,0.0948448,3.7506
6.50700426,6.35151815,0.6457
0.10809873,0.08076464,3.391
0.28256533,0.29304573,3.5391
0.01382275,0.01371949,5.1399
0.31297621,0.25853974,2.9418
0.01363526,0.00258155,4.24
0.03163812,0.03117392,5.0633
5.16822386,8.03755454,1.3099
5.80298472,8.88467804,0.9921
1.0030309,1.02370155,2.6133
5.16687441,7.59290171,1.7294
8,8.06791575,0.49
8,8.70742033,0.4954
0.49985793,0.48078182,2.651
0.06926907,0.06700639,4.4689
0.27627721,0.2752972,3.3323
0.06845769,0.06689096,4.1212
0.06251536,0.05895122,4.4477
0.57686216,0.75033826,2.9957
2.577986,3.06328058,1.5732
1.56895185,1.5442586,2.3796
8,2.91579127,0.2072
0.43508676,0.27168077,2.8608
0.07599448,0.0585452,4.3888
0.02044052,0.01957186,4.882
0.017749,0.01984989,5.892
0.05813492,0.02338508,4.2652
3.4290812,3.28628302,1.3348
5.55935574,8.6325076,1.2391
6.41155052,8.00398336,1.1515
7.48098373,8.3995341,1.2061
0.36703026,0.26580006,2.575
0.16409414,0.15765813,3.8767
0.28273901,0.22041865,3.384
0.19556092,0.1677544,3.7305
2.82338071,9.0551808,1.9311
2.31255865,2.07880187,1.4168
2.78756738,2.46080589,1.4916
4.32246304,3.19590426,0.6117
0.01553048,0.01410364,5.5367
0.11104588,0.14448217,3.9137
0.01058888,0.01143465,5.7776
0.21768211,0.20147899,3.126
2.7318213,4.4094944,1.3141
4.25500059,3.99428225,0.8147
8,3.10379481,0.1335
8,5.35342884,0
8,8.4588341,0.1361
0.01669787,0.01408606,4.6231
0.14509998,0.07967311,3.1806
2.56814385,2.27117825,1.4521
3.29983521,3.29358769,1.8553
0.78094697,0.24394336,2.5255
8,0.00313041,0.0664
8,4.34430552,0.2457
0.07622716,0.05027026,2.9144
0.39255142,0.31721032,3.0189
0.02707746,6.78340409,4.4123
0.00319568,0.00286941,7.026
0.05799309,0.049859,4.4665
0.25271836,0.23391876,3.6949
1.02663255,0.58889288,2.255
8,3.91527605,0.5271
8,7.92262602,0.4811
8,3.81858683,0.4622
0.10465267,0.08123876,3.6219
0.01221449,0.01161005,5.1868
0.08415782,0.07687803,4.0883
6.79226637,8.55872231,1.2289
0.28148657,0.25400895,3.1375
7.22904873,8.00600253,0.6489
8,9.26607433,0.1492
0.01840738,0.0206032,3.8425
3.9747026,8.21079263,0.9927
0.05192795,0.05765192,4.546
5.36850548,9.16040891,1.1061
0.03282734,0.01760452,3.1627
2.39102078,1.85756934,1.1964
0.46874091,0.40231982,2.3603
0.09341449,0.10750622,3.7079
1.67128182,8.54265306,1.9513
2.40827251,2.21779585,1.7853
8,3.08095574,0.1716
0.08561041,0.07761701,4.2399
3.12782121,2.59787202,1.4616
0.21904402,0.1798984,3.6195
8,0.00667528,3.8675
0.40210936,0.42063716,1.7724
0.32389349,0.36156443,1.5781
0.70059508,0.39218539,0.9251
0.71605659,1.0597322,1.7882
8,0.01815398,3.7399
0.07297306,0.06604133,3.6897
0.8140443,0.53731358,2.8648
0.94524008,0.3798188,2.0873
0.00657595,0.00713001,6.4269
0.07979289,0.07405607,4.1673
0.59492451,0.58630121,2.5156
3.33510089,2.9184823,1.0451
0.74135292,0.76534635,3.4533
7.99748087,8.01231767,0.7225
0.01194818,0.01268977,6.476
0.11097426,0.10363582,3.7751
0.12693018,0.13755557,4.4146
0.09072319,0.06956347,3.6466
0.04618745,0.05247826,4.9654
0.00415483,0.00632545,6.4385
0.28552809,0.27633429,3.0335
0.0175279,0.00686889,3.8672
0.0408255,0.04336455,4.7209
2.85508895,8.71534468,1.5363
0.38178107,0.35845342,2.8473
8,7.80415535,0.2374
8,0.71437287,0.4133
0.0486961,0.04210982,3.2861
0.00374036,5.89085806,5.9003
0.04373005,0.04001555,4.4987
1.13962376,0.88936228,1.7285
0.05761482,0.04176004,3.9514
8,8.74586056,0.5817
8,8.31421013,0.1109
0.05229861,0.0562665,5.2031
0.03525101,0.03603789,4.895
0.25371414,0.07283348,2.6236
0.0635241,0.06584909,4.3637
0.40186235,0.21412909,2.4714
0.05202776,0.0544607,4.6107
8,5.94479473,6.1904
1.22194111,1.04240322,1.7623
