2.08811188,0.5512,-42.350578
8.56759379,0.5105,-51.469002
2.86948752,0.5356,-45.383526
8.54328496,0.5896,-42.729702
2.22771621,0.6577,-51.204674
0.01968565,4.3214,-93.878899
0.06019225,2.7359,-84.27935
6.65170396,4.8546,-97.335144
6.89078805,4.8331,-89.217056
0.06192029,5.166,-97.519432
0.04414145,2.7267,-93.119102
0.60696495,2.6515,-93.105904
8.061218,0.6926,-71.83094
0.07861057,4.496,-91.196251
0.14542429,4.2582,-84.632797
0.00585561,4.9922,-87.154533
0.00321919,5.834,-79.176056
0.03266081,4.8202,-96.47554
1.68837905,1.4663,-86.815948
0.53540999,3.1476,-91.899849
3.49626589,0.3309,-27.508858
0.220571,2.3211,-54.899517
0.07187251,2.9985,-51.610203
0.04661242,4.5721,-98.572029
8.8909142,1.0933,-80.641274
8.64098764,1.307,-71.816002
9.17823067,0.8263,-52.347771
0.29519618,3.2781,-61.16103
0.111463,2.8798,-63.594601
0.00809096,4.8948,-83.92984
0.972022,2.64,-95.162819
2.12759781,2.5387,-87.714157
0.18625447,4.0766,-95.396378
0.17217717,2.4416,-51.724682
30,4.9676,-70.799385
0.06835548,4.405,-97.120781
0.10522493,4.1702,-95.536362
8.92361215,2.7549,-80.067116
5.0782814,1.1578,-93.293907
8.67888033,0.4342,-30.046995
0.0410874,3.9008,-85.357719
0.00831768,6.1409,-88.3787
0.13809225,3.4407,-94.436256
2.28841496,1.7266,-96.233353
0.35552746,2.8967,-88.594719
0.04671947,4.0027,-75.609993
0.01707986,5.688,-91.694717
0.06169063,3.9247,-94.012413
1.9946264,1.6332,-67.676163
8.64501736,1.7406,-73.820114
8.69467612,0.7352,-71.80191
7.50185108,0.343,-32.335526
2.28380489,0.3739,-26.731909
0.06477038,5.1669,-94.691765
0.66730833,2.4904,-89.664268
0.06588871,5.1481,-93.447586
0.05646325,4.2477,-95.444122
0.36781395,3.3191,-97.932426
5.61612177,1.2814,-97.187263
9.51212669,0.369,-38.843998
0.20028009,3.8043,-94.83754
0.05667638,2.3201,-66.420631
0.00435613,6.3787,-97.012115
0.07697969,3.844,-93.287056
0.09758703,3.7961,-93.598694
0.49920473,1.9092,-74.932762
8.5127948,2.8339,-66.965019
1.01916623,2.0636,-90.382881
0.02439176,5.5755,-89.861397
0.10090192,4.1846,-95.141396
8.65741677,1.366,-71.097023
0.87387824,2.2263,-87.231926
0.18455119,2.7908,-62.77758
0.02718903,5.3331,-88.7957
0.14548986,3.7921,-98.779762
8.48184937,1.0455,-52.900181
3.16506338,1.1718,-51.863441
8.73587311,0.9703,-53.180546
1.08150327,2.9575,-77.252724
0.35051486,3.2757,-93.191246
0.10071886,4.3178,-81.058243
0.05792563,4.663,-94.525887
0.16348743,2.5285,-68.524124
0.34637237,3.0798,-91.894974
5.62151766,1.1127,-77.024284
8.36211606,0.5807,-32.195019
8.15495894,0.3904,-34.422974
3.23569274,0.6253,-40.820126
0.02159889,5.0957,-90.387726
0.05316469,4.9078,-97.592262
0.03640546,3.4205,-68.027611
0.00395629,6.817,-95.834373
0.00288835,6.2917,-97.559441
0.01650636,4.9954,-94.737206
0.39385644,2.9187,-95.455292
0.14358024,3.8758,-95.246841
5.17747927,1.0836,-77.145363
1.53732705,0.791,-38.424927
0.18424618,3.4746,-71.805641
0.1964322,3.9819,-94.742828
6.79025801,2.855,-52.677189
0.08334608,4.3878,-95.992599
0.18243536,2.1509,-58.077969
0.38217902,3.6587,-95.90612
0.00360219,6.704,-89.792152
1.82723892,1.5503,-77.962387
7.36651897,0.3177,-22.384457
9.10469347,0.4889,-33.23465
4.51030064,0.3853,-18.456434
6.7286067,0.6353,-42.624741
0.10175824,3.2074,-59.693623
0.072925,4.4701,-94.619392
6.3310727,6.4953,-91.603836
0.05582368,4.3554,-97.895775
8.41795654,2.1702,-81.141609
0.25357246,3.5181,-97.818092
5.35153961,1.0717,-62.182579
0.0447228,4.2296,-78.51622
7.38046782,2.7093,-64.51931
0.00669367,5.5901,-84.418404
0.04475528,4.5453,-100.072502
1.25619507,2.1382,-100.848457
3.12684393,1.3801,-81.803864
7.53994083,0.6312,-25.684914
0.07373188,4.248,-82.280266
0.39979258,1.2624,-55.130425
1.41184449,1.2647,-69.816551
8.57311733,1.9066,-59.877445
0.0059023,5.3639,-75.495956
0.08333571,3.219,-85.719543
4.5321722,1.037,-73.670601
4.22320843,1.2417,-79.205078
5.05964613,0.2385,-27.203976
0.17095394,3.7623,-91.585587
8.86769622,1.3086,-66.764664
0.13877483,3.8037,-97.30481
0.07598692,4.2576,-92.834412
0.70084608,2.76,-86.844154
0.69618785,1.4667,-68.024902
0.01628928,5.5189,-85.178299
0.16059221,3.3199,-94.13414
1.79957604,1.8158,-69.185326
1.72662628,1.3231,-70.37146
0.25632247,3.1735,-81.625336
8.72720785,1.0965,-98.190926
0.02493861,3.8109,-84.498734
0.01108922,4.147,-94.242401
3.4593029,0.9707,-88.086945
8.88390838,0.2454,-37.406071
0.14163804,3.1061,-64.302635
0.6687488,2.8093,-82.086662
0.04355988,3.742,-73.439766
0.00794831,5.8173,-80.740417
0.10779984,3.8094,-93.575752
0.56477827,2.9748,-85.011581
0.78889209,2.8684,-90.082909
8.69731493,0.4685,-49.985443
6.6256814,0.466,-29.867563
0.07848547,4.5305,-89.973198
0.0873001,3.9365,-98.337997
0.7803424,3.9397,-97.285881
8.01382636,0.3991,-26.676596
7.98085165,0.3126,-42.489883
0.07075336,3.8432,-73.289726
2.18247795,0.7703,-51.886219
0.0147957,4.5075,-75.154503
0.16669521,3.4319,-92.299896
8.61928541,1.5052,-60.852325
0.43550587,2.1105,-83.314728
0.50088918,2.2679,-86.449287
0.0718713,3.5643,-98.856384
1.76655328,1.627,-87.806
8.47271172,0.808,-83.552879
1.48847008,0.1921,-28.304964
7.41451502,0.1106,-21.170231
0.0832189,4.1346,-85.395012
0.0867665,5.445,-95.959
0.01044058,6.895,-97.67601
0.0077678,5.6512,-97.696571
0.41941214,3.4304,-95.82843
6.80732667,3.8522,-64.910339
0.1347899,3.8318,-119.120247
2.41940022,3.0662,-95.528847
1.03454232,3.0771,-83.955704
8.14912153,1.4503,-75.880058
1.90428388,2.4941,-94.178757
4.75150633,0.9836,-39.751667
3.2161727,1.0637,-66.554581
0.13649273,3.8223,-94.116272
0.14053845,3.3419,-85.025642
0.0156931,5.016,-96.384804
0.05366014,4.5708,-90.380875
0.02904723,4.7085,-95.947807
0.30477631,3.1619,-96.719246
2.00008655,1.7159,-96.887573
0.0086564,7.1048,-98.119377
1.09477925,2.0601,-96.408821
2.33449411,1.5403,-98.354118
0.47761107,3.12,-97.338997
0.08248668,4.6858,-93.057137
0.03926692,5.1446,-95.496353
6.92366012,3.7935,-70.951386
6.31590985,6.2491,-92.126305
0.03190866,5.3488,-96.872513
0.00945451,4.8915,-95.421822
0.83270758,2.6934,-95.247917
8.6725484,1.0477,-42.335831
2.49509978,0.9006,-53.622295
3.48958397,0.7281,-38.812416
4.23756266,0.7751,-61.356243
0.05628191,4.4144,-90.484619
0.24948598,3.2093,-89.691284
0.87612116,1.9426,-86.432732
0.00738943,6.5694,-93.617317
0.06136194,3.9219,-95.377213
0.63443697,2.3036,-90.152527
3.9640491,0.21,-25.563383
3.50770998,0.212,-30.482925
3.10617566,0.3059,-39.439339
0.14542218,3.0933,-82.094147
2.14497376,1.5558,-82.831436
0.16493885,1.7013,-56.412636
0.02745205,4.864,-87.923187
0.15634143,3.5037,-97.257011
0.66780525,2.197,-86.777512
4.96026373,0.8425,-84.543617
3.08796573,0.1945,-24.501972
8.56110297,0.2328,-32.905781
8.17523049,0.3274,-25.796898
0.03412047,2.7758,-75.528427
0.1364598,2.2262,-59.873161
0.00316322,3.2738,-65.688644
0.01218222,4.8529,-85.217033
0.05191548,3.2117,-97.733818
8.08031037,1.234,-93.566162
2.52134275,1.6607,-91.948517
2.12180829,1.099,-83.729492
0.02868717,5.0531,-73.494141
0.09738675,4.3871,-92.297058
6.43589434,5.0744,-72.936172
0.02205244,6.1507,-92.920242
0.01566026,5.8283,-95.621841
0.05642071,5.1368,-95.704445
0.14744346,3.1142,-84.565239
1.15352619,2.1507,-86.27108
8.03400213,0.6706,-45.957691
1.56262779,0.764,-45.149517
0.14165412,2.0891,-52.55069
0.14656921,2.6355,-77.466492
0.02982367,4.5833,-66.788879
0.11303783,3.703,-90.52005
0.41649842,3.0377,-79.151917
0.00950269,1.4195,-34.40675
2.6695869,1.3852,-77.375092
1.23171091,0.484,-25.189211
3.64515567,0.3542,-38.207256
3.19322991,0.1781,-25.641785
0.26370734,3.6128,-87.536598
0.0053114,4.4041,-94.666588
0.00879022,6.414,-89.248894
0.03298605,4.8869,-99.736122
0.21271944,4.0091,-94.620804
0.88631147,2.4489,-96.971977
2.8917203,0.957,-38.73558
8.34452181,0.6914,-56.927711
0.71198297,3.6717,-84.322968
8.0217107,1.9951,-70.315117
0.10497459,4.2741,-97.579498
8.76938394,2.5993,-83.399628
0.10946044,4.9409,-79.962151
0.05285724,4.1338,-87.190475
0.34681514,2.9539,-92.351608
0.15904628,1.8433,-55.542423
0.00542106,6.8034,-97.262016
0.03957207,4.7173,-94.97953
0.10636093,3.3792,-87.433662
8.09493506,0.8137,-77.34684
8.29611122,0.2903,-32.692215
7.3156867,0.3137,-37.901863
0.42646703,2.4491,-62.442188
4.9944017,5.2136,-70.346703
0.18800329,3.6298,-91.581131
0.85660368,1.378,-51.425171
8.4280547,1.4364,-60.031399
0.35994786,2.0429,-61.748081
1.32390738,1.268,-52.273262
0.15605475,3.5192,-88.563065
0.03708363,4.8773,-93.45517
0.01956716,6.6117,-94.484306
0.0149253,5.8871,-94.054031
0.24901256,3.5637,-92.266319
0.06023779,5.0621,-94.413567
0.34824014,2.91,-98.34874
0.96281606,2.1505,-93.861191
0.24298182,3.7881,-94.834824
0.65245414,2.0005,-98.956604
0.08352336,4.3181,-96.770554
0.00389888,7.1779,-99.021767
0.0037135,6.6543,-95.378166
0.06680976,4.5726,-97.406464
0.78133458,2.8381,-96.76844
3.60874915,0.3087,-36.252827
8.12251043,0.3177,-73.304436
0.18063758,0.6449,-29.455969
0.02132846,4.2668,-71.350121
0.20443203,3.5677,-95.354713
0.00701352,6.6977,-99.919693
0.03053072,5.0888,-101.982475
0.12980828,3.8426,-97.470932
8.66933264,1.5268,-76.07618
0.10139687,4.355,-91.978409
0.00258881,7.086,-94.363747
0.0099611,6.804,-95.381218
0.22042672,3.8314,-101.843559
1.42567599,1.8171,-82.870766
2.74900079,0.4616,-40.144669
0.03139067,5.4708,-91.739212
0.23633219,3.2272,-74.36068
0.34522411,3.367,-92.159248
0.01624147,5.3877,-92.623245
0.18628161,3.1159,-85.273865
0.70565403,2.9832,-90.011871
0.00343226,7.4167,-96.01049
8.18962267,0.9272,-49.387772
8.57778128,1.0317,-51.626972
0.58406717,2.2171,-52.703667
0.98800129,1.6298,-62.502239
0.00851823,3.9946,-51.165852
0.03903282,3.2458,-84.978958
8.6143456,1.8094,-91.062126
9.10563513,2.2647,-73.016464
8.50136868,0.1628,-21.490717
0.23030648,2.7651,-60.014633
0.38430345,2.3962,-73.33284
0.07843103,4.304,-65.225983
0.15130986,3.2386,-94.636856
1.0227772,1.2307,-52.945683
0.91599745,2.4108,-67.660591
0.0036944,1.5562,-48.780987
3.62001324,1.6644,-67.754868
7.99923325,0.8743,-67.432472
1.16283381,0.4486,-24.130564
1.114308,0.1906,-12.65379
7.9986701,0.3043,-29.403688
0.17430095,3.5771,-83.131027
0.18549027,3.531,-90.404625
0.01867635,5.5777,-93.887177
0.49919647,2.7704,-87.613541
0.18784244,3.6748,-94.113945
0.06124588,2.0524,-45.617104
6.06391243,6.5537,-88.266571
2.66568899,1.6069,-87.471901
1.17631471,0.7628,-34.830387
6.72327089,0.2421,-20.315903
2.38343191,0.6123,-37.55489
0.06391466,4.2994,-93.873116
0.84562022,2.1382,-95.185417
1.45843756,2.3614,-81.351875
0.02966102,5.1202,-83.781395
0.05168968,4.6034,-96.035492
0.96400333,2.1438,-92.960663
0.08627671,3.4197,-88.250671
1.27658308,2.2418,-100.686928
7.44275134,2.611,-83.329033
0.01858138,4.0922,-73.573128
0.04492297,4.1905,-119.35627
0.60927349,1.5547,-75.662521
2.9466114,1.4991,-79.383362
7.80144692,1.5994,-81.998665
0.73461205,0.2484,-22.350224
8.37231647,0.2758,-42.750267
0.6819905,1.9354,-78.744484
0.06243378,4.3321,-91.899216
9.12379108,1.4401,-50.359825
2.16459394,1.6344,-62.421928
0.12006407,3.4416,-74.992882
0.0576806,4.2888,-90.879402
0.01563407,5.8292,-96.000778
0.08978923,4.532,-95.675194
0.0414991,4.8473,-88.712769
0.22184552,3.717,-98.570259
4.22481108,1.9573,-92.166008
3.32528639,1.1948,-95.139244
8.42800912,0.4197,-27.37191
3.3952086,0.7887,-34.086117
2.81491518,0.8516,-37.428101
0.10843112,4.9233,-86.428574
0.01835126,5.646,-95.373955
0.24839036,2.984,-84.276497
0.38666394,2.8447,-93.296661
0.32828596,3.1467,-90.652657
0.77724963,3.3595,-88.875565
1.99123085,2.0176,-69.863739
0.10159446,4.7326,-97.932564
0.03157679,4.6979,-96.047928
0.12273446,3.7898,-91.887878
0.1370987,3.6685,-94.431946
0.02652204,5.0752,-97.600441
0.0091204,5.6306,-96.896698
0.18093005,2.7114,-77.920441
0.05014358,5.4387,-98.698273
7.6779666,0.876,-96.607239
8.46428382,0.233,-29.389597
0.11320717,2.8221,-77.904488
0.00629883,4.0212,-63.561085
0.0545109,3.8736,-100.417374
1.13926637,1.1325,-60.055992
1.58560872,1.2628,-64.787224
8.34318978,1.5188,-78.399277
8.56808067,1.1427,-72.268944
9.11628065,1.9144,-77.067184
8.25564586,0.0615,-37.855145
3.39657259,0.3858,-52.549183
0.07302544,4.0092,-86.406075
0.0200102,5.5767,-88.442879
0.09405488,3.5863,-98.884239
9.46728484,1.095,-85.822556
1.22898948,1.8901,-72.348282
9.24296654,0.0934,-10.370203
0.11677522,4.7185,-92.410721
0.1276453,4.4124,-94.792427
0.0108078,5.6277,-92.978683
0.02986839,3.6923,-68.592667
0.01372436,5.8635,-96.209221
0.07420992,4.5702,-96.165787
0.00552177,7.0551,-98.541519
1.26680601,2.7737,-93.809441
8.69269933,0.8817,-59.061127
1.3427825,0.6935,-24.297573
8.49763469,0.9807,-50.916508
2.22671366,0.644,-15.425052
3.88375258,1.2449,-69.476105
8.09847119,0.3954,-24.390051
0.11805778,3.5166,-76.894592
0.20445167,2.7281,-79.525986
0.06334686,4.3288,-98.543953
1.52096987,2.1776,-92.005203
1.5853864,1.5452,-89.02153
2.46588612,0.6822,-46.136818
0.01727682,4.3846,-75.487404
0.03995871,4.7985,-92.645149
4.85755473,6.5453,-89.959564
0.00807886,6.4096,-95.117905
0.9110074,2.2936,-83.448441
0.04475271,4.5603,-90.473045
0.00319402,2.1986,-32.77322
8.46655556,1.192,-85.97554
2.90059352,1.5712,-94.961983
3.5406642,0.7177,-70.753799
8.65743633,0.941,-65.563263
0.99194402,1.0007,-46.79427
0.42799345,2.9271,-95.794861
0.06541693,4.2428,-62.46254
0.02040139,4.076,-68.301468
30,6.8236,-93.177025
0.02301234,5.5411,-94.315125
0.47245938,2.6193,-93.647751
1.66750586,1.9258,-95.308777
1.13283718,2.7252,-97.040329
8.06775694,0.1505,-26.103922
8.36424271,0.6391,-68.305054
0.02982147,0.4642,-27.86437
0.10295139,3.0913,-81.343956
0.16690508,3.6338,-93.611763
0.02817222,5.1266,-96.032097
0.81245178,2.5356,-94.815407
3.82383251,1.9474,-96.935196
0.08676691,4.1392,-92.549675
4.31380177,1.226,-95.843498
6.38406181,1.0764,-97.873055
0.19367692,3.0586,-86.267113
0.020004,5.9128,-89.581665
0.05557544,4.2807,-96.644623
0.13910154,3.0368,-82.636101
0.66306454,2.6928,-91.734619
9.01847998,1.0229,-85.979118
0.05867228,3.853,-73.724594
0.1493557,2.2827,-64.332024
0.01082286,6.0363,-84.737206
0.09503666,3.7029,-89.726112
0.18365882,2.2201,-55.548569
0.22518127,2.841,-76.062851
2.46720195,1.3825,-67.610291
6.30749369,0.2728,-22.550013
0.02220553,5.2887,-95.400475
0.10339519,3.7332,-94.032333
0.00909458,6.5985,-94.870506
0.01208159,5.9291,-96.663971
0.06560509,4.6146,-94.722992
4.15316773,1.0553,-98.131264
0.43516123,3.1165,-99.323471
2.54136777,0.3323,-22.124441
2.55380344,1.0362,-30.04038
8.78157338,0.6168,-40.847839
8.23869915,0.9786,-91.437538
0.04501148,2.73,-60.185371
0.15166922,2.493,-65.701172
0.27954704,2.933,-92.229889
0.01580938,3.6445,-67.241058
0.04598113,4.8894,-96.19973
8.57326154,1.4618,-96.78418
0.52423632,2.5552,-82.755013
7.9176445,1.459,-88.023232
0.27001241,0.4534,-20.924055
7.82385302,0.5345,-55.784309
0.07313077,5.1094,-91.872437
0.01659822,5.795,-95.923531
0.01462315,5.7298,-94.426933
0.09693235,4.4472,-88.405876
0.00819211,5.7118,-99.272758
8.0440744,1.0059,-59.889698
0.20854276,1.5103,-23.246212
8.06996823,1.21,-83.370216
0.79548478,3.0827,-89.330078
0.05611742,5.0107,-95.276886
0.02093847,5.4117,-94.546547
0.1271214,3.086,-77.736725
1.5092665,2.0581,-94.892067
0.05449601,5.3756,-97.678825
0.00275075,7.2847,-97.732346
8.20006523,1.2202,-92.452065
8.67269699,0.9963,-58.132523
3.3880384,0.9375,-44.221714
3.06592321,1.009,-67.342003
0.04600714,4.8463,-93.64518
0.1476588,3.4227,-90.710716
0.0147305,6.0871,-92.665863
0.04923663,4.4484,-95.011612
0.10093018,2.4805,-61.860569
0.09896233,3.8976,-92.6847
0.43811578,2.6435,-94.65274
8.9465307,0.6231,-48.791157
3.69875121,0.6397,-65.352402
8.34501577,0.4729,-43.292076
3.36599135,0.5902,-59.522244
1.15136945,2.0988,-91.833153
9.12733296,0.6152,-51.342403
0.01782012,6.1963,-95.004921
0.02846274,5.2913,-95.97023
0.18445858,3.6682,-96.716499
0.0565079,4.8857,-93.432625
0.00609508,6.1947,-91.671387
0.00563061,5.1923,-99.420532
0.08244757,4.3234,-87.183533
2.86476255,1.6028,-78.90992
4.48683643,1.377,-93.649986
8.76796487,1.4968,-93.252853
0.59694469,0.4333,-29.205141
0.13476236,0.1292,-9.77897
1.39011133,1.6599,-75.574554
0.08756697,2.5589,-52.874069
0.00948886,5.2994,-80.6353
7.42318577,3.1822,-81.893875
8.31702015,2.2804,-84.169502
8.51123056,1.549,-86.584641
0.08929444,1.9626,-55.427002
0.02493497,4.1841,-73.717606
0.16216034,3.0253,-90.504036
4.0686698,0.7772,-84.102631
0.07521513,2.3488,-76.253571
8.93732806,1.2322,-58.101414
0.07192935,4.2024,-85.953583
0.10519745,2.2898,-64.245583
0.00526127,6.0801,-88.322426
0.05177769,4.4785,-95.833839
1.6409359,2.3994,-94.234222
2.61309052,1.8163,-89.639053
8.79033215,3.2097,-90.321129
2.6290884,0.6282,-48.239426
3.59512544,0.7837,-53.096546
0.25876713,2.2829,-87.475929
2.71645618,0.5917,-76.907501
0.02052523,2.9703,-79.801178
0.2388369,2.822,-115.882172
1.60206616,0.3966,-35.165192
0.01970833,4.6117,-101.788437
0.38033736,2.5049,-99.830376
0.00441376,4.7876,-100.033402
0.04383861,4.4314,-117.898521
0.12024604,4.1015,-114.280548
5.97197485,1.2766,-101.55407
8.01671356,0.3285,-49.62294
2.61145163,0.0742,-23.626017
0.26711214,3.466,-96.556114
2.17567611,1.2402,-82.619255
0.09941759,4.1514,-83.717163
0.07019395,4.399,-95.709518
0.1155647,4.2614,-95.429749
4.831985,1.4705,-73.12088
2.63700533,0.4165,-29.485016
8.82871724,0.1252,-11.790432
0.50803256,1.6623,-54.601151
8.50172435,2.7736,-80.861809
8.85748016,0.9955,-56.93536
0.09800521,3.9899,-65.292213
0.07971142,4.3211,-97.699547
2.2484448,1.7901,-58.282738
0.08546522,2.8006,-55.257339
0.01270289,3.7283,-60.567951
0.10902045,3.699,-96.024788
0.51737464,3.0246,-92.129784
2.22249818,0.6612,-46.074062
0.19771493,4.0457,-94.679657
0.02521388,5.8889,-96.818871
0.31241322,2.1997,-93.93158
5.18346931,7.0051,-96.073318
0.00620501,6.3121,-95.281693
0.00942144,6.526,-97.053513
0.01040253,1.7295,-36.384373
0.01170277,6.7188,-94.715057
1.10150862,2.4329,-97.493797
2.61401105,2.1035,-95.390816
3.13495302,2.0343,-96.140854
0.37950096,1.2336,-35.055508
8.80641659,1.0818,-54.635471
0.80500275,1.1325,-32.782867
8.91031535,1.1767,-59.281418
2.92917013,0.7632,-27.77733
5.82069397,1.0265,-55.720371
0.07066308,3.4708,-77.29837
0.06568749,4.5254,-93.005791
0.00967908,6.3544,-90.988007
0.04330965,4.8466,-93.934639
0.10322577,3.3988,-75.475128
0.03152782,4.9511,-95.037239
3.47233057,1.2888,-84.499687
2.17574501,1.8216,-85.801506
8.32307569,0.3595,-31.404081
0.38840237,0.1958,-11.683159
0.44646978,1.8467,-62.538101
0.54408109,2.7861,-79.024361
0.02932857,3.3207,-53.489174
0.05625722,4.4893,-95.519547
0.13740802,3.464,-76.633141
3.82290006,1.6908,-94.800537
2.35833406,0.4109,-54.315453
0.09291242,4.4612,-89.96611
0.00818708,7.0334,-97.50309
0.02455246,5.2869,-98.64605
1.54268789,3.489,-81.002701
2.34844828,0.6813,-41.759186
0.06917129,3.5373,-65.519592
0.05958738,3.8036,-82.673302
0.30051714,3.1056,-81.940376
6.36100715,5.61,-91.784653
0.04536226,4.117,-94.06189
0.07104972,3.249,-74.592529
8.599734,0.9805,-81.516296
0.40415669,2.6856,-80.284828
8.27511356,0.1943,-23.635647
8.36115859,0.1298,-19.842796
0.02938523,4.644,-95.292389
1.59956956,1.7529,-95.418083
1.05193675,2.4557,-85.21553
0.0304877,5.2822,-96.933212
4.49179506,1.5986,-95.572723
0.0310203,5.2425,-92.898125
6.73673966,3.5032,-63.315746
0.02086086,6.4774,-94.210091
0.04686306,5.6788,-97.647652
0.40914002,2.6076,-79.792786
0.54227114,1.9254,-72.934807
6.25085969,3.7989,-59.62561
0.09392972,4.0604,-96.342621
0.28401184,3.0213,-89.297211
0.79990578,2.3182,-91.467796
7.84664774,0.8575,-88.888725
0.59232867,1.3605,-54.144627
0.3406471,2.7698,-89.660606
0.04900934,5.1485,-92.155991
0.03489791,3.1685,-86.666107
0.47977865,2.5969,-87.504089
2.59388137,0.187,-29.769541
0.1655719,3.6362,-71.514175
0.27990514,3.7394,-91.520294
0.02058335,4.6732,-75.809731
0.00939548,6.1199,-91.723946
0.04476025,4.655,-96.808929
0.68157023,2.9305,-95.373627
5.02857208,0.4557,-25.865297
1.03710699,2.821,-81.442505
0.11710888,3.8931,-93.365349
8.44890538,2.2068,-80.175873
4.68627739,0.8639,-55.642509
0.67360121,2.475,-72.974518
0.93627912,1.1265,-46.687054
0.07442827,4.2205,-87.241898
0.01134356,5.1608,-89.185005
0.01162178,6.5788,-96.207108
0.00552418,6.2215,-97.29985
0.24139404,3.4997,-92.983521
0.16757463,4.0129,-96.400406
0.00693898,4.9176,-80.362526
7.40070603,4.3231,-86.819763
0.02272066,5.0741,-96.975891
0.11305869,4.3506,-91.494614
1.06318188,2.4276,-89.244064
0.47240916,2.8087,-87.263512
0.22988847,2.5525,-73.048958
8.06000595,2.011,-74.034126
0.07765646,2.2718,-59.354656
0.01492827,4.484,-78.263359
0.07432403,3.932,-93.615234
1.93050349,1.9046,-89.915199
0.16163933,0.1481,-8.7316
0.17662872,0.1507,-7.243168
0.03371239,2.7021,-75.347527
0.34710032,2.3966,-113.301376
0.0521219,4.4053,-85.704849
0.11176001,3.2468,-120.111778
0.14061347,1.0498,-59.880302
0.82676327,2.5865,-96.673676
1.37699509,1.4368,-80.168205
1.13311553,1.3823,-76.695564
0.07978057,3.6046,-70.872147
1.9866457,2.0752,-84.366478
0.01680458,2.3323,-55.813873
0.00722614,4.1198,-62.067966
0.08800873,3.9488,-95.857674
0.78224617,2.3615,-89.016953
8.69681208,1.6195,-62.45438
8.64362238,0.3396,-27.363251
8.11609585,0.2696,-21.029314
0.17980661,4.4626,-81.640076
0.00799742,6.1087,-94.127167
0.22960256,4.0798,-99.501343
0.00403912,6.6008,-85.1315
0.01733855,5.3135,-87.067902
0.07501508,4.148,-76.170525
0.27524355,3.1076,-92.366295
6.51264503,4.683,-84.707291
0.04870807,4.5754,-97.247314
0.78229517,2.4461,-97.313011
0.00845425,6.2246,-89.247589
1.59298742,1.8932,-93.882462
0.74298674,2.1444,-89.536491
3.90147376,0.1403,-20.449976
0.55698711,0.343,-25.142426
0.07671992,4.3186,-86.315674
0.10994305,2.8194,-72.633987
6.83274501,4.4659,-79.671623
0.01904659,4.6768,-72.449112
0.07987414,4.0197,-93.921623
0.33121026,2.8681,-84.791214
0.94926345,2.7864,-94.672417
1.14937615,2.9211,-94.927376
9.20406635,0.5338,-44.162483
7.70304632,0.2313,-45.513496
6.81867799,3.2082,-61.335995
0.08842903,3.9747,-103.107552
7.16875876,2.1599,-56.107597
2.19323659,1.6853,-79.647949
0.44793636,1.6519,-57.120525
1.89699841,1.4249,-61.281456
8.00117456,1.5047,-92.15538
0.47254071,2.0636,-73.165833
0.07532813,3.9915,-73.346451
0.04325254,4.5464,-100.076347
0.18395825,2.388,-71.141167
0.09728244,3.7264,-86.047844
1.83044517,1.8791,-78.284302
4.13345194,0.4761,-43.738873
2.54153371,0.4836,-39.19466
2.40273142,0.3817,-36.748482
0.24593166,1.8151,-57.478523
8.5314283,1.5118,-78.977615
8.91333898,1.3475,-95.271217
0.05858081,4.3308,-101.034226
0.18400115,1.8252,-55.129799
1.97401643,1.0391,-50.465332
9.19756645,1.032,-60.763493
8.01392998,0.1303,-20.794075
0.10369985,4.0847,-87.126129
0.02037259,2.4808,-59.568153
0.01242553,6.7248,-97.571877
0.0457163,4.6286,-96.150352
0.18322042,3.3672,-86.089439
3.16234255,0.8244,-72.778084
1.89153051,0.0793,-18.038408
0.54228604,3.1995,-92.592812
0.13104604,3.5079,-88.480873
0.00259418,4.6615,-65.14711
0.29391354,3.2598,-95.875099
5.23225021,1.0356,-91.197556
0.10059246,3.8791,-89.821495
0.10641787,3.4641,-76.648811
0.08537583,4.1102,-91.726593
0.01479548,3.1033,-73.280029
0.00427491,6.4682,-93.605965
0.04733093,4.3351,-95.207878
0.11430476,3.7638,-87.6549
8.07010772,0.3722,-40.831757
8.36741926,0.1918,-24.308895
8.39386788,0.2636,-31.11624
7.79371834,0.2055,-25.606161
0.02861816,5.1729,-87.105377
0.12902755,2.5274,-65.752548
0.01562417,3.25,-59.410816
0.00707496,3.864,-58.330952
0.04597707,4.5715,-96.201096
1.480986,1.3325,-68.49511
8.38003758,1.4242,-92.135315
0.05623853,3.9897,-68.81012
0.18233188,2.825,-79.458733
0.5832805,1.5988,-65.245918
0.0317043,3.7454,-77.31543
0.01934829,5.0778,-100.489624
1.41335106,1.5226,-65.451065
8.12398543,1.6372,-92.548065
0.3835659,3.0948,-73.624931
0.24072436,1.2294,-52.88121
0.05135742,3.8108,-83.136276
0.08553395,2.7976,-67.173309
1.38874912,1.7504,-80.970894
9.18020131,0.3417,-35.138458
0.04626883,4.9316,-89.821869
0.6304394,1.595,-70.324532
1.67059231,2.3665,-68.071358
0.0160411,4.7678,-77.393387
0.05589868,4.298,-95.535568
0.6301133,2.5434,-88.488228
3.19700337,0.9536,-71.715675
8.73986619,0.2035,-20.690296
3.22585607,0.363,-24.618031
0.03444124,4.6617,-87.47628
0.19335735,2.2389,-59.621445
6.65288675,4.3812,-65.119728
0.03758049,4.6206,-93.373863
0.08667623,2.4224,-57.912117
2.81791902,1.7415,-90.307404
8.49855167,1.2078,-74.812386
1.92555332,1.3392,-70.223923
3.9245863,2.0391,-67.604889
8.47388778,0.3236,-37.903931
0.17197615,3.2746,-73.877136
7.11120504,2.7227,-56.498871
4.80794668,0.9451,-71.611511
5.74177226,3.6998,-58.005058
0.07081223,3.5238,-93.586037
0.3338474,1.8703,-62.096348
8.39885912,1.623,-61.313419
2.93998909,0.2082,-20.187965
0.08945818,3.5069,-73.380898
6.50107308,3.4785,-58.984936
0.02150629,5.1829,-74.137695
0.03849546,4.7462,-97.042282
1.82394683,3.0074,-86.662613
8.84984215,1.7904,-75.645889
9.30745792,0.3248,-32.812263
8.45554668,0.5103,-26.759457
0.23062849,0.6801,-17.432611
0.34612033,2.0852,-70.048119
0.9708935,2.0158,-59.378914
0.1617087,3.1432,-86.969864
2.25526643,2.1115,-121.610756
7.03647852,1.4499,-73.395226
2.87116408,1.0025,-58.884491
0.03045004,3.1048,-58.818279
9.12620209,1.4926,-65.250046
0.01356874,5.2003,-78.878418
7.26660722,3.5883,-87.950706
0.2704657,3.3782,-86.275322
8.40440261,0.1266,-13.137576
3.75606847,0.1671,-20.197918
8.95250388,0.44,-20.437357
7.39130497,0.2016,-26.555853
0.08142354,3.3577,-79.019127
0.23118915,2.5234,-69.457687
0.04921223,2.3595,-55.687672
0.02415389,3.3945,-59.172211
0.03035507,4.6716,-98.873489
0.57321501,2.2942,-74.164017
8.74729227,0.9336,-63.449814
8.32777596,0.1666,-21.428255
0.15322769,4.354,-92.181969
0.3564913,2.8785,-86.993996
0.00446228,5.9641,-92.845238
0.14253686,3.6994,-92.984406
4.31050968,1.7276,-80.749573
1.05301976,3.1158,-81.277588
7.28463554,0.0388,-21.924448
0.0595203,3.8639,-76.934769
6.60610962,0.4801,-50.352592
0.06957334,4.1861,-93.50769
0.83646238,1.2571,-52.016392
2.5849781,1.1832,-75.96209
0.01223415,6.8292,-96.140671
0.1721794,2.7954,-81.493515
0.31504148,2.3295,-93.323387
0.05218098,1.8489,-51.497894
6.01819197,4.8987,-83.75119
0.06668894,3.8112,-96.976563
0.58069837,2.4773,-85.24379
0.05191119,2.213,-45.815937
3.00837207,0.969,-68.121567
8.06328963,0.3933,-22.813213
2.75645161,0.1473,-19.347092
0.10434634,3.6505,-91.523743
7.53832997,4.0841,-68.064095
0.00426224,4.2832,-98.496468
1.83634174,0.8349,-62.455498
3.53554058,0.8478,-78.642586
0.16439647,3.6758,-82.303047
0.62764615,1.599,-65.029343
0.02455149,4.71,-95.382256
0.58149767,1.9556,-77.167931
0.03982366,5.4861,-96.494225
5.06027463,7.0239,-96.183815
5.78082195,0.1029,-5.125431
8.16131621,0.2491,-28.521324
0.26721454,3.0622,-76.301483
8.16516365,1.6723,-71.58934
0.07833488,4.389,-87.076172
6.00807377,5.7297,-91.692474
0.02781032,5.0999,-98.224388
0.08747481,3.8462,-83.078331
6.95437527,0.8047,-72.034096
8.40245823,0.5246,-51.292923
0.10862987,3.803,-61.599155
1.08481288,3.016,-81.102898
0.00677563,4.9936,-62.348076
0.55024159,3.7254,-98.827507
0.74169689,3.3008,-85.168098
1.34759069,0.965,-37.127968
8.82191002,0.8712,-42.250019
0.08754639,3.905,-77.369728
0.02067778,3.3129,-72.467812
6.01321756,5.5399,-83.546082
0.04555222,4.6008,-98.583237
0.0730301,2.9519,-75.7911
8.9558521,1.5511,-91.717751
0.47526839,2.3686,-85.072128
3.9824667,1.77,-89.199036
2.21572065,1.966,-91.377312
3.95045161,0.5041,-37.052799
0.6899426,0.8548,-39.656532
2.15223122,0.8533,-51.130531
0.10699353,3.4429,-84.888435
0.26491734,3.5016,-97.06665
0.0060517,6.143,-90.852234
0.06196632,4.5348,-91.596535
0.5001328,2.6696,-91.511375
0.0312313,4.5134,-78.478134
0.18750078,3.5353,-83.900108
0.0103836,6.5093,-97.032478
0.03789083,4.588,-93.88028
0.12367473,2.3833,-61.372067
0.18413873,3.8274,-87.762939
8.46634892,1.1052,-88.494614
6.13919354,1.6382,-83.585861
8.88048293,0.4484,-27.87451
8.09884205,0.3092,-32.101685
3.05142713,0.4418,-42.986202
0.09855096,3.6072,-86.084221
0.12740342,2.9909,-64.561935
0.36311197,1.7798,-65.078758
0.02208384,3.8973,-73.865883
5.85303903,5.3291,-85.095108
0.18152387,3.0692,-96.474159
8.08908784,1.0301,-75.283279
2.8635788,1.1591,-69.447479
0.21269415,3.5942,-83.932312
0.25179726,3.7736,-95.966743
0.09529524,4.855,-88.810104
0.10660803,4.42,-97.356071
8.25264376,1.3732,-83.787827
0.39386612,3.7109,-96.192673
8.11412571,0.3719,-20.631527
8.03990068,0.4126,-44.368725
7.18258238,0.1807,-19.410412
0.07750238,2.9712,-109.752121
0.44179931,1.7063,-107.901276
8.27284649,3.1106,-106.856346
6.23590231,4.9753,-105.734413
0.05156889,3.6981,-119.729614
1.10373056,1.8717,-97.293732
8.02736792,1.4266,-102.490486
1.14481854,0.2405,-29.073902
6.21221733,0,-23.13143
2.06042409,0.4353,-36.773968
0.53098726,2.4246,-78.182449
0.4063257,2.9701,-89.916298
0.11068081,4.4677,-85.406326
0.13522621,3.723,-97.889534
1.47084916,1.1777,-56.737392
0.77215374,2.7067,-90.966576
5.94334269,0.8922,-59.048462
0.23048934,2.1617,-61.750729
0.01035742,5.0317,-70.35569
0.01476188,6.1876,-94.638748
0.04905176,3.7783,-82.957611
8.41039136,1.0586,-75.109428
0.19385929,3.6359,-82.80378
0.53913492,1.3939,-60.175163
0.02301353,4.4176,-92.359276
3.25137544,1.6065,-68.90937
1.09713924,2.0106,-91.146637
0.14699458,2.186,-57.369171
0.00513293,6.2021,-82.15921
8.82216668,1.0097,-89.813103
8.00162627,1.5571,-89.646294
3.23181629,0.0535,-19.539852
4.04073811,0.2173,-24.044882
0.08062788,3.8485,-78.065018
0.15980096,3.4329,-92.163948
0.01245536,5.1752,-79.179924
0.05722471,4.431,-98.505562
0.05753328,3.8241,-81.510315
2.01775861,0.0632,-19.510426
8.3328872,0.1962,-33.551006
0.02612766,5.3606,-95.548271
0.00298507,3.0232,-71.266693
0.19137582,3.224,-93.180595
0.00375666,3.9209,-70.317352
0.0258843,4.8993,-81.834885
0.03910118,4.9398,-96.797455
8.89946303,1.529,-80.66407
8.31048123,1.58,-81.465088
8.26948241,0.1433,-17.818989
3.47204232,0.2249,-55.03088
0.20148279,3.5814,-87.6567
0.96041513,2.6284,-99.331779
0.06572813,4.4206,-94.646263
1.3417865,2.3426,-95.883728
2.26548767,1.5491,-87.115128
3.33680344,0.6464,-68.3787
1.56089675,2.2799,-84.816391
0.06635711,5.1205,-88.725571
0.057324,4.6644,-95.895668
8.03538531,0.9991,-74.07457
0.44375339,2.99,-96.520599
0.26255956,2.4531,-64.447975
0.00268502,4.1261,-55.457203
0.02508943,5.0758,-85.952255
0.87339771,3.0713,-88.831177
0.23804171,3.2777,-92.974693
0.11827153,3.771,-98.535019
0.06655626,4.4225,-99.001526
0.35933173,2.0355,-77.339325
0.09498322,3.4251,-91.184921
2.41776872,1.0285,-78.624992
0.04369717,4.6862,-93.872955
0.32280597,3.2408,-92.043648
5.00558489,5.8464,-86.397263
0.0583669,4.4044,-93.761955
0.48161358,2.5085,-84.750107
0.42477176,2.7943,-96.79792
8.61799467,2.5866,-80.713196
2.1923101,1.7593,-75.783676
0.01110409,5.4401,-78.022049
0.05102589,3.7871,-89.093811
0.32313493,2.0805,-73.13221
8.59787228,2.833,-76.007576
0.04291439,2.9013,-61.755108
0.04129376,2.6185,-61.598431
0.00563339,3.9821,-61.246227
0.02214017,4.6043,-90.459343
0.36757577,1.7224,-60.298969
8.0721387,1.3248,-66.741058
8.37168602,1.4273,-69.627625
3.86198998,0.7286,-72.824364
0.39748871,2.025,-72.42305
0.1191165,2.8197,-70.555664
6.09940509,4.9047,-68.242462
0.04380832,4.8108,-97.713058
8.29124334,1.6598,-68.201813
0.76619542,2.287,-79.014664
7.23030949,0.7392,-70.321854
3.50427556,0.2774,-29.098663
0.17350258,3.7984,-86.987328
0.29990038,2.922,-89.20932
0.04823244,3.6687,-66.401222
5.32623858,6.3134,-91.407104
0.02324099,5.4317,-94.061569
0.43959349,3.6883,-96.609802
1.71937192,1.695,-79.256012
0.09850118,4.9797,-72.579514
0.17001155,3.8757,-95.030602
0.03681963,4.718,-95.21109
0.19585373,3.7682,-90.604584
8.5505415,1.0021,-70.033943
0.14785501,3.7408,-85.227173
0.00476073,4.6897,-89.797432
0.07387402,4.3193,-98.48616
0.03836888,5.7676,-94.114899
0.00423021,6.7594,-89.25959
8.03232865,0.5385,-26.654556
0.51551455,2.6346,-79.65554
0.23390517,2.7435,-76.459663
0.28815976,3.1674,-90.444748
0.19760785,3.1759,-98.066254
0.54835796,2.4916,-87.32534
0.34455782,2.7169,-84.090904
8.64583687,1.1814,-91.110779
8.59703752,1.0195,-88.112083
8.00168431,0.1654,-32.352242
8.35964498,0.2839,-34.675446
0.17858286,3.4601,-85.091225
0.23080811,3.3454,-92.728539
0.27718648,3.6651,-89.721527
5.80217827,6.4469,-94.814919
0.04015306,4.9122,-95.195824
0.17531848,3.2013,-87.942932
2.5661149,2.0303,-85.662354
8.40110982,0.2101,-24.684927
0.12517111,3.074,-84.045387
0.02933497,4.4132,-85.479965
0.00893904,4.5217,-69.41851
0.10208592,4.0611,-95.550468
0.40338376,2.8997,-90.697281
0.3071563,3.1181,-88.999832
0.18779574,1.8194,-59.976292
0.01874057,3.5376,-65.80761
0.08497251,3.9946,-97.703575
0.13041943,4.1192,-88.44751
0.87872469,0.8875,-39.824436
7.08853512,3.0273,-79.200531
0.07572505,2.2185,-84.704666
7.08339993,2.1081,-53.568668
5.98650212,5.4912,-93.313988
0.06418277,4.4205,-95.625137
0.06823731,2.4964,-83.920616
8.13224663,0.6068,-65.433907
0.12442531,3.7803,-84.334068
0.94729102,1.8327,-81.787193
0.00515731,5.0257,-86.663246
0.1712312,4.1463,-94.280045
0.04561169,4.3664,-94.252563
8.20124447,1.5781,-82.750412
0.062768,4.7402,-90.60347
0.5329662,2.3407,-61.648998
0.01104386,5.8639,-92.564156
0.06346497,4.1851,-95.461281
1.16217101,2.2173,-88.173218
8.63486254,1.5482,-89.608223
8.70593973,0.1511,-19.153721
8.8075696,0.3747,-28.743547
0.03250963,3.4326,-62.73595
0.11025299,3.7373,-94.325798
0.5563584,2.5662,-91.509491
5.6363309,5.8944,-85.563911
0.05909384,3.8515,-89.859299
0.41164425,3.0689,-88.001465
2.35574484,1.8224,-97.563332
8.48423747,1.5185,-89.438469
4.11807203,0.1997,-37.924313
8.13836508,0.3675,-32.821621
0.15048996,3.5625,-83.906494
0.08143182,3.2996,-75.801613
0.14971474,3.9345,-95.504936
5.84573268,4.8148,-76.848366
0.01135718,6.0932,-91.665611
0.04371772,4.6373,-95.743965
0.86318785,1.8735,-81.641144
0.30208203,3.2038,-93.419159
8.04061441,0.2889,-33.585484
3.25455475,0.1527,-22.49501
2.72016144,0.1961,-26.265825
4.20820189,0.4121,-47.431156
0.01547442,4.7694,-80.637207
0.60525757,2.2272,-75.321793
0.18314347,2.6857,-79.92746
1.39151454,1.9085,-86.672249
0.11411636,3.8509,-97.675034
0.08862156,3.2719,-77.448341
7.96026897,0.9348,-81.717857
0.05370841,4.5797,-83.625313
1.54120767,1.6338,-79.076424
8.35742077,2.0762,-91.330307
0.00835216,5.6339,-93.732353
0.05648562,3.7483,-93.372322
8.57765965,0.2642,-26.674255
0.03079684,4.7559,-93.630371
0.05555384,4.4446,-92.029198
7.32816142,3.6018,-78.491714
0.00888811,6.5225,-91.951508
0.05440982,4.5095,-94.093918
0.06340215,4.6525,-87.259293
1.4197042,1.9146,-88.278923
1.25177062,1.8416,-90.487488
8.98629013,0.2241,-47.815899
8.22534417,0.4157,-57.664642
3.54411912,0.3847,-41.619278
0.05957054,4.1444,-89.122971
0.43194431,2.0485,-68.495865
4.99612704,6.8819,-94.785744
0.04059373,4.4637,-98.279839
0.06232199,4.6446,-95.596611
2.44173193,1.8193,-81.914413
7.75348187,0.2743,-30.361189
9.03774031,0.5461,-23.221359
0.03170532,3.8606,-67.806458
1.22745037,1.6691,-62.869225
0.00891975,5.2761,-74.228668
0.03473424,4.8063,-98.13987
0.53851652,2.5426,-77.946327
8.16982388,0.1374,-12.012548
0.1448381,2.8103,-77.087471
0.76992524,2.4213,-94.997162
0.26212695,3.2022,-98.632469
2.90929103,0.8191,-55.514198
8.42115687,0.312,-39.117378
2.61330533,0.5531,-37.924545
0.34322101,3.7077,-86.338737
4.3966105,5.6539,-75.23954
0.06013284,4.4124,-97.646576
1.32301772,1.4631,-66.259178
0.09055812,4.6056,-96.261307
0.01000754,5.4493,-93.356003
0.66712892,2.8148,-98.880569
0.01095655,2.6091,-42.427132
8.39617397,0.7068,-44.821537
0.02421128,2.5762,-43.820763
0.75326294,0.3471,-25.676495
1.01766741,1.2846,-57.364563
0.5643422,2.2908,-86.276749
0.01230973,5.8226,-91.021652
0.07558034,3.683,-94.036896
8.27365796,1.8545,-54.091988
8.41389611,0.5931,-60.66695
0.19293863,3.2458,-79.245155
0.00857713,6.1217,-94.755241
0.12437902,3.5884,-91.389084
2.21176863,1.0923,-69.470078
0.21901286,3.1222,-87.602348
2.87883091,1.0078,-73.823799
0.14491969,4.1075,-94.23288
0.03547791,5.2411,-95.782425
0.06315638,4.3444,-96.302498
2.59974814,1.8596,-95.173195
0.43306506,2.6745,-84.380905
8.00827674,1.5929,-87.250214
0.04143226,4.747,-81.666542
0.14401165,3.5949,-93.184219
0.03489406,2.4465,-57.814091
30,7.1679,-97.607994
0.0651902,4.3673,-95.534096
0.27411011,3.1484,-81.99472
8.73129697,1.0006,-92.36895
0.01428776,5.1588,-94.19912
0.0288666,5.0557,-93.233841
0.04197965,5.0562,-95.875832
0.20806685,3.1344,-75.313141
1.80973268,1.5352,-66.864212
0.00571016,5.0009,-76.429146
0.2027946,3.4086,-98.155426
2.00672627,1.283,-55.421833
4.86068106,1.297,-63.561115
7.68086577,0.6572,-59.406422
0.15393959,3.6972,-80.437897
0.01316804,5.6551,-85.163353
0.05610935,4.6003,-94.616341
3.25423503,1.8359,-87.812698
8.24741221,2.6126,-83.939308
2.11952782,0.216,-17.521215
0.29417437,3.4082,-84.940697
0.04275291,4.69,-95.116631
4.35314303,6.5265,-88.839569
0.06702909,4.6095,-99.208733
0.21236618,2.8929,-85.541901
0.04551981,4.6049,-89.056526
0.00467007,2.0909,-48.955296
1.93386555,2.0993,-90.355194
8.16998578,0.6055,-41.26878
7.74642658,0.5029,-51.292233
3.48361087,0.756,-69.339844
8.10019905,0.5817,-49.243782
4.18387556,0.497,-36.43082
0.75508374,2.1792,-78.911316
1.26284993,1.2041,-74.193588
0.06476215,4.0593,-80.762482
0.0610063,4.2403,-96.81765
0.66216499,1.9017,-84.444183
8.15878098,0.8356,-79.855064
0.72643012,2.3449,-92.337563
0.07880496,4.2248,-95.633766
0.04610615,4.6277,-86.441612
0.09783073,4.0893,-95.93644
0.16062786,2.6337,-51.813236
0.03811308,4.8979,-96.111534
2.05700994,1.6221,-92.154335
8.72655617,0.1654,-24.693489
0.01808529,3.5747,-81.445641
0.1693552,2.8739,-83.42437
5.89442572,4.3533,-77.927444
0.01231644,3.6206,-90.59198
0.1942922,2.2706,-79.497017
0.3111423,2.586,-86.452057
3.24645114,1.2913,-87.074844
0.59390181,2.2652,-94.918106
0.7740103,0.3017,-26.398424
8.03806031,0.3485,-55.620251
8.41821977,0.364,-46.837524
7.10277605,0.0522,-28.016876
0.08195965,3.711,-86.96505
0.01454006,5.015,-91.858742
0.14432208,3.8201,-97.796913
1.96970308,1.2313,-67.339577
8.73340826,0.445,-48.594154
0.07935233,4.4662,-93.815697
5.887427,5.9752,-83.986633
0.11253811,3.8386,-98.423103
1.15609562,1.6359,-86.860298
0.06463081,4.218,-83.065933
1.98528063,1.3881,-87.377632
2.14315558,0.0083,-10.802176
9.08736364,0.2117,-26.7216
0.07090932,4.5407,-94.336098
0.07956293,4.6555,-95.797722
0.0096839,6.559,-93.837669
0.01094685,5.5697,-93.144691
1.89837396,2.3576,-76.168137
0.14266361,4.0509,-96.19117
1.61757946,2.1525,-92.869278
3.92466211,0.3828,-24.777786
8.27494151,0.4741,-36.160519
8.69929449,0.6602,-41.214188
8.03601355,0.6015,-44.972878
0.07529626,3.2302,-65.575027
0.32105473,2.7378,-78.398285
0.10810772,3.2033,-89.715958
0.01050295,4.4245,-82.17955
0.01364277,6.0134,-88.005653
0.01774275,5.3635,-97.12748
8.24762818,1.7872,-98.3983
2.98179627,1.2718,-97.017601
6.55390596,0.6601,-96.12545
0.65701872,2.7873,-92.423882
8.14119264,1.2092,-97.502701
1.67951357,0.4818,-30.648643
2.52174211,0.5463,-35.930172
4.00808954,0.5674,-38.112537
2.25004935,0.6556,-40.084694
8.06401535,0.6448,-35.082321
0.29736909,1.7438,-81.479767
0.41385439,2.1301,-64.598686
0.53935152,1.2757,-92.174088
5.88574998,4.3524,-73.793579
0.02260669,3.5401,-90.889778
4.04349566,1.5291,-74.119591
8.66988532,0.7803,-78.722511
7.54251671,0.2888,-49.553501
0.06206387,4.4951,-82.850197
0.19301555,1.9272,-59.593483
0.00428412,4.4367,-69.712814
0.01457695,5.2069,-100.454628
2.05412579,1.7745,-96.558968
2.86603475,1.3489,-93.319534
7.77111721,1.564,-86.140907
0.98545015,0.3636,-30.335701
2.14247751,0.401,-27.140917
2.63500524,0.3622,-37.156914
0.17940763,2.4662,-68.932632
0.37297574,2.5153,-77.161057
0.02558292,4.6157,-78.770073
0.10097293,4.0075,-96.895409
3.0275619,1.4006,-95.503944
0.16594116,2.649,-67.946083
0.01978967,5.1603,-84.393623
0.50554961,1.9562,-72.821793
0.00343005,4.7772,-68.379456
0.07113762,4.0829,-91.934425
0.26270324,3.2542,-95.136986
1.82586491,1.9008,-73.633041
6.70141459,0.7939,-82.176544
9.33898059,0.3693,-39.669353
0.05089691,3.2726,-58.946495
0.09297916,3.7848,-59.159355
0.00420044,6.4753,-97.91655
0.07178432,3.882,-88.769058
0.21099013,3.0325,-97.639618
0.56444317,3.0544,-97.375542
2.99402523,1.3331,-92.180649
0.0109315,6.7817,-95.988358
6.35607004,0.6618,-42.010098
0.91469944,0.4814,-18.847467
0.09454437,4.4022,-94.720261
0.00969001,6.5069,-92.081978
0.04900863,4.7936,-96.909035
0.01300741,6.209,-95.393616
8.49196672,1.5524,-97.615494
2.01891112,1.7331,-95.285477
8.53138939,0.5129,-23.377197
8.24376674,0.6877,-45.113045
0.23806584,1.9236,-61.466621
0.03382319,3.051,-70.332932
0.02515532,5.3368,-87.641312
0.04053043,4.7008,-96.366753
0.07418799,4.441,-95.027473
0.67603129,3.0835,-86.444962
0.85735345,1.8373,-76.515137
2.95105147,0.9262,-57.789734
0.00407533,4.0051,-58.408829
0.04265321,3.5731,-81.998604
0.10444227,2.6637,-49.782211
8.42384267,0.4521,-45.089302
8.04608654,0.3369,-36.581089
0.04645772,5.2348,-96.498962
0.00442017,6.0634,-93.633919
7.06248673,4.5392,-82.290352
0.01470161,5.6418,-95.260544
0.04385512,5.2851,-97.187225
0.13383769,4.667,-94.451927
0.77206701,3.0185,-94.541649
8.0528183,1.6864,-94.379868
8.84942987,0.8905,-37.236404
4.01434946,0.9357,-52.754154
7.6059413,1.0564,-45.143204
0.31750807,2.7526,-82.515999
0.52877265,2.605,-98.996704
0.01599984,3.8972,-68.654922
0.01840117,4.9402,-101.120873
0.20517068,2.0174,-64.74234
1.1299603,2.1093,-92.102806
0.18079662,2.2269,-68.230064
0.40657651,1.9361,-76.085182
0.00651886,3.8972,-59.759869
0.10669681,3.2021,-92.947205
1.21609426,1.7014,-78.705238
0.3640849,2.5609,-76.515907
8.75371638,1.9322,-88.323723
7.29551077,0.2946,-38.683147
0.04236701,3.5096,-69.851456
1.29574931,2.2524,-101.197037
0.15110484,2.7017,-67.778816
0.00963879,5.55,-92.528114
0.02949416,4.9716,-102.185005
8.17490763,1.9984,-77.093597
1.50432277,1.4292,-75.083443
0.26493266,1.8778,-57.27393
0.77164602,1.4942,-58.60836
0.70588154,2.2955,-81.991005
0.1178842,3.3759,-95.243271
8.82440991,0.8661,-59.039639
1.49848437,1.6699,-70.109779
6.56737709,0.2116,-26.162777
0.01557233,3.9338,-71.192848
0.11234443,3.5052,-87.505234
0.04218771,4.3938,-93.610413
0.04594084,4.497,-90.111824
0.0427432,4.4037,-96.607323
0.08838905,3.8903,-87.297661
0.70303077,2.6304,-87.621643
8.33649554,0.3761,-27.943434
2.59048963,0.0762,-17.238651
1.11028433,1.8256,-63.217014
0.02015614,5.2538,-82.22599
0.23167542,3.2919,-99.584419
0.12533097,3.6914,-92.828552
7.03798389,0.4712,-37.532845
0.70932514,2.5251,-71.113014
0.0110707,5.6514,-91.83149
0.22727777,4.0163,-93.431168
0.28049386,3.1845,-82.97448
0.11045528,4.6153,-90.60025
0.02861366,4.1181,-84.524147
0.01210535,6.3835,-93.406319
0.0494605,5.597,-96.439606
0.17945273,3.3122,-87.822395
0.03894965,4.4163,-81.793236
0.19343466,3.5571,-93.295219
0.00975494,6.0946,-93.21505
0.01884814,4.9332,-94.516693
0.12295163,2.4128,-65.226936
0.40074328,2.9817,-94.729149
2.16037011,1.2529,-73.365761
8.16102939,0.0721,-12.948164
0.33423841,4.3378,-82.001144
0.10102839,5.5641,-94.67038
0.02037731,6.0713,-93.882759
0.38246179,5.3652,-96.219864
2.62577629,1.3201,-95.720238
0.2189409,3.5825,-80.624588
0.1025165,4.983,-90.709129
0.10282174,3.9825,-94.474792
0.2921457,3.6427,-96.138199
8.21299653,1.5025,-91.339981
0.01066244,6.9527,-93.133644
8.84092361,0.5181,-51.029064
1.78830278,0.118,-20.171484
8.00772295,0.2288,-41.554825
0.38508141,2.2019,-78.652855
0.58131427,2.3798,-56.239349
0.00588766,5.5617,-85.716736
0.04127961,4.5845,-94.441895
0.06184704,3.1123,-85.42012
0.80030543,1.8487,-74.090683
8.13870611,0.3061,-32.454548
0.38577306,0.2177,-9.814641
0.12393391,2.603,-74.139946
0.37002707,1.8847,-65.014336
0.01999443,5.3135,-88.532036
0.08018804,3.8051,-92.29763
0.81844896,1.5358,-63.414909
8.49042247,1.3384,-45.703186
9.23582308,0.1756,-27.542046
0.28396824,3.6759,-92.785225
0.11826202,3.8186,-90.973679
6.86106231,2.7382,-56.094849
0.01558148,5.4703,-83.76915
0.06498463,4.2886,-97.215355
0.08717033,3.8954,-90.931618
1.4708606,1.9139,-82.023018
0.18775597,2.8606,-63.676991
2.10376644,1.1993,-58.082073
0.0172823,5.6996,-83.991768
0.07560805,3.7515,-89.905022
2.66716385,1.4964,-76.790237
6.4434967,0.6876,-68.919792
1.95008647,1.5655,-64.753441
8.10061218,0.2191,-24.833687
0.03076688,5.2371,-92.26709
0.00881107,5.873,-95.572571
0.19942074,3.7305,-94.774521
0.02219072,5.957,-95.467636
0.00874683,5.9893,-96.123177
0.01668435,5.916,-97.75679
8.2225839,1.2612,-97.057724
1.96166194,2.3361,-97.428864
0.00623277,7.3422,-95.999443
8.53810261,0.473,-28.931606
8.3861593,1.0422,-76.243958
0.23861058,2.7457,-72.446785
0.05448262,3.1418,-52.945591
0.05524004,3.4461,-68.361214
0.02744201,5.3756,-82.842964
0.10524955,3.7393,-95.841034
0.10155004,2.5702,-65.046379
8.56719785,1.8659,-71.286438
4.53424549,0.7186,-75.540314
0.26405805,3.2015,-88.226379
2.56936622,0.3955,-22.91774
2.12403202,0.3488,-19.763454
8.41474747,0.3863,-24.366499
0.48522869,3.6005,-86.345551
0.17055012,3.9651,-93.238892
0.01680092,5.9369,-93.302841
0.03535557,4.8071,-95.752327
0.06945134,3.9107,-89.494629
2.14568257,0.7283,-46.849903
4.57246876,0.2072,-30.574495
0.24456751,3.522,-70.985123
0.40223768,2.8908,-82.505707
0.01053924,3.4454,-60.902061
6.55829015,5.3468,-78.053223
0.04767135,4.7205,-95.021873
0.11459057,4.0707,-92.532784
8.44745189,0.9068,-71.002823
0.4983969,2.2858,-73.957375
4.11824942,0.4567,-24.884296
8.07438487,0.5398,-42.578453
8.37424195,0.5409,-48.7365
3.1276741,0.6724,-31.505985
8.66961204,0.8724,-48.503613
0.26108995,2.0498,-70.695435
0.0268357,3.7749,-72.13633
0.07284801,3.29,-108.402496
8.44519325,1.4015,-74.555527
1.42730665,1.1671,-81.236656
2.31701016,1.1179,-86.857201
1.13630819,2.342,-89.535095
7.9389329,0.5619,-55.670361
0.13435364,3.6326,-91.799225
8.11346359,1.4239,-64.637543
1.41210485,2.0789,-70.660728
0.55771315,1.9673,-48.664505
0.28052881,3.3045,-95.406876
0.17655397,3.0887,-87.783333
0.21143238,3.5178,-77.387955
0.2153517,3.109,-89.337189
0.05692357,3.3734,-74.620132
8.38170134,0.0827,-16.046183
0.4792963,2.3346,-72.16021
0.45915222,2.9901,-95.504494
0.0262981,5.2187,-63.393353
0.11988691,4.0549,-96.809128
4.08224487,0.8032,-74.419144
1.07045579,3.0968,-96.285355
0.72848123,1.9816,-85.307663
0.53757745,1.1257,-62.865433
0.39532766,1.8902,-67.253021
0.03485995,2.6619,-59.311577
0.24969636,2.7717,-99.930786
4.60200596,1.1709,-77.751938
2.70936346,1.1032,-79.674789
0.12979719,2.9596,-72.464722
0.70194459,1.8827,-94.149002
0.43529233,1.5596,-74.293953
0.4135316,4.0875,-86.624283
0.07368039,3.5201,-100.582703
0.52970135,3.1708,-96.53447
0.30624279,1.4376,-39.688095
1.20614648,2.1677,-88.450882
0.5088287,2.1399,-76.257072
1.87625611,0.6281,-41.822567
7.02981329,0.2945,-51.477699
8.26420725,0.338,-23.795961
0.66073656,3.2321,-64.615051
0.02095332,2.757,-62.329811
0.01348537,5.4766,-92.361237
0.09359571,3.9221,-95.700439
0.41427651,3.1862,-80.237099
3.06789923,1.4813,-66.88163
8.19347783,1.3751,-67.998688
8.29011095,0.3423,-22.245478
0.03172934,3.984,-77.540405
0.07185005,3.3142,-76.427162
6.17807927,4.7338,-82.38324
0.44992021,2.2166,-79.571045
0.00616653,4.5201,-65.489937
6.84407654,4.6206,-98.542274
0.37971276,2.1461,-81.513931
0.55244017,2.4244,-86.912941
3.23076391,2.2206,-86.353447
8.22124095,0.4152,-39.611149
0.0135006,4.2419,-66.75898
2.28649068,1.9174,-71.27063
0.01469878,3.1372,-55.599644
0.10852528,3.3188,-86.755203
8.43626938,1.4769,-74.688866
8.07295078,1.8377,-76.988441
0.21165919,0.4075,-23.736759
0.22148542,0.4865,-11.148797
5.25410223,0.4238,-33.063351
0.03502851,5.5188,-95.974548
0.31379569,3.6396,-96.000786
0.01080374,5.983,-95.385635
0.14957494,3.4219,-85.776726
0.03176076,5.3689,-97.87812
3.42048526,1.8775,-97.877884
1.48017752,3.2246,-97.448402
0.68650067,2.6279,-100.625496
8.70065451,1.7665,-73.333786
8.5360115,1.6441,-82.578377
6.95305538,1.8187,-85.750633
0.32814792,2.9318,-92.549667
0.41214174,3.9828,-96.206108
0.06522439,4.3094,-94.849045
0.12301018,2.8689,-80.786873
0.2973266,2.7318,-88.526039
0.45185915,2.5752,-83.530235
1.8973273,2.8034,-90.017807
7.52420187,0.2642,-32.218262
0.01627778,5.7504,-95.371529
0.05618173,4.57,-90.704979
6.33945205,5.6956,-93.875725
0.03783239,4.8613,-101.066589
0.50648439,2.1484,-95.479233
0.91065848,2.9966,-102.263229
0.07512891,4.4189,-96.409821
1.39370167,0.4195,-13.868001
0.0320821,0.6326,-16.549929
1.09755909,0.6001,-19.746115
0.23965997,2.7723,-80.824959
0.11604046,4.3505,-96.386658
0.01796068,5.9152,-95.373848
0.01136866,6.2657,-95.941803
0.6671685,3.3446,-87.137718
0.04774814,4.9621,-98.043701
2.87466431,2.3624,-88.79567
0.53792971,0.9275,-21.158457
3.0258646,1.0465,-57.542839
0.0231949,4.4997,-95.649483
0.00354519,6.7624,-96.863297
0.03408396,4.9845,-95.343727
0.03181281,4.9059,-96.67157
0.70698279,3.8812,-94.218895
0.02655239,5.2114,-97.897789
0.01387505,5.5723,-86.208794
6.35559173,5.6249,-93.795868
0.01454978,5.9257,-91.196129
0.01742366,5.65,-99.462692
8.61314884,2.0767,-91.718994
0.06983834,2.3161,-59.090332
0.19692652,3.0902,-94.999321
0.01324369,2.1929,-50.688549
0.03614301,4.2563,-107.203178
8.93668601,1.6931,-90.119987
8.98625651,1.5955,-91.716888
0.00612904,4.4743,-72.418007
0.05249058,4.6473,-112.977203
0.19467141,2.8308,-78.125649
1.48971021,1.8817,-79.923294
0.01158836,5.5701,-87.563759
0.06530713,4.1169,-96.155045
8.01757528,0.7847,-57.897114
0.15370594,3.2799,-78.363548
0.19319131,2.9906,-87.128021
0.00515747,5.8572,-90.596588
0.00547233,5.1254,-96.955704
0.17780504,2.3918,-68.510223
0.91179383,2.8476,-89.950478
8.06007267,1.4133,-84.251648
2.66090059,0.3245,-30.947605
8.06913071,0.1746,-24.457426
6.27433538,0.3171,-39.406673
0.04196913,3.9403,-77.349403
0.0945023,4.8064,-90.843735
0.00488786,6.3027,-90.229424
0.00772643,5.6824,-88.651497
0.04917921,4.4884,-90.69471
0.26075441,3.6745,-89.702431
7.83420324,0.6315,-52.673996
3.51677966,1.3679,-32.942696
8.65226463,1.5978,-65.269249
8.12940374,1.3292,-70.352974
7.04236984,1.4692,-57.203598
0.03710702,4.5972,-81.698181
0.05086174,4.1904,-88.927673
5.70045877,6.2069,-90.666389
0.16897951,3.4382,-87.526764
0.0052975,5.0682,-67.701866
0.08258159,4.2388,-97.590286
0.28433552,3.6776,-96.280411
0.23612763,2.9728,-89.131104
1.38861013,2.8429,-91.940704
8.55566994,0.2364,-23.575884
0.2028853,0.1094,-8.386649
5.15212679,0.5136,-46.169327
0.06719108,5.6352,-93.089172
0.05315693,4.4759,-86.753387
0.02396099,3.0477,-61.368793
0.03361576,5.6275,-79.169556
0.08907605,4.05,-97.18792
0.13008684,3.6274,-88.755981
3.40803695,1.2364,-90.70015
9.310124,0.7809,-64.99543
2.95139456,0.6875,-55.634468
8.83714024,0.708,-69.318298
5.80920363,0.6696,-48.234016
0.02486328,5.5988,-95.670357
0.01843877,4.8727,-87.86264
0.01011998,4.0908,-60.361237
0.03131974,4.9417,-98.821014
0.13162528,3.3541,-86.84021
0.12944485,3.4457,-86.850594
0.04455608,3.7607,-69.691788
0.14053182,2.9523,-66.932953
6.75983969,3.8317,-70.049019
0.00863839,4.8909,-70.30336
0.13111886,3.5298,-93.151054
0.07516177,2.7048,-66.098717
0.56840456,2.4335,-74.014961
8.38784109,0.9846,-76.883537
0.90716916,3.0344,-75.278862
8.9387373,0.7741,-39.876625
8.4941912,0.6819,-40.779842
8.26515513,0.394,-31.36549
7.07107544,0.3513,-32.655071
3.40158153,0.6148,-28.983854
0.03951236,3.7538,-69.162399
6.92443339,2.0602,-63.914513
0.03211188,3.5617,-65.397667
0.15138944,3.3891,-101.41806
2.25573278,0.1035,-26.298939
0.06470183,2.3024,-52.107632
0.90390933,1.3083,-84.009178
0.08903899,3.9578,-66.426071
0.05658873,3.8161,-96.607018
2.47564554,1.457,-69.027985
1.40768302,2.0667,-64.226761
8.35895364,1.7293,-56.159039
2.74598289,0.532,-31.274481
0.78511065,2.4276,-99.154739
0.3296082,2.9569,-95.940834
1.91745043,0.8209,-96.29274
0.0076994,5.963,-96.0634
1.62695527,1.8442,-94.174049
2.60429025,1.7715,-95.367233
3.97080731,1.284,-96.054329
0.15286724,3.5308,-77.955521
0.00409485,5.8651,-102.906929
0.28814444,3.2913,-95.046883
2.12777686,0.706,-51.299335
0.61169756,2.6212,-94.854149
0.00770387,5.4626,-87.161217
0.07650701,3.3849,-88.921455
0.65797836,2.4369,-96.079704
0.19226675,3.1346,-86.434471
0.01566084,1.0812,-69.531456
0.09086901,3.7262,-128.347687
8.25090714,0.6199,-84.019836
8.88095129,1.7327,-95.71608
0.05571421,4.5286,-84.3955
0.02499562,3.9363,-71.909103
6.12136607,4.916,-86.889847
0.01821605,5.3255,-79.992859
0.03099817,4.6762,-100.775711
0.85943914,2.0133,-87.587761
0.3048994,3.8193,-93.736168
8.6142205,0.6873,-48.519165
1.86571133,0.565,-36.213951
0.01123392,0.7375,-15.015738
0.0915369,2.2128,-51.650898
0.14674802,2.9813,-75.31749
0.01251278,4.2295,-73.388039
0.63708568,2.0796,-71.956169
0.0731446,4.057,-95.126854
1.5552609,1.2821,-68.982765
3.75089622,0.1982,-25.677521
0.1314476,4.6603,-91.981087
0.07206972,3.6217,-94.684296
0.84439683,1.0682,-71.044098
0.00759545,7.4369,-98.912392
0.01731766,5.0159,-95.7267
0.47843409,3.5634,-95.726021
8.77891868,0.8519,-83.324409
2.03052759,0.5495,-31.244009
8.15445946,0.3857,-67.548271
1.6746521,0.5069,-75.556168
0.08826048,3.4931,-80.940895
0.4677842,1.4987,-62.215046
6.32070667,4.303,-76.35894
0.04836288,3.4181,-96.304947
1.00157309,1.4162,-59.485695
1.77113521,1.6427,-72.994362
0.10704111,4.6678,-93.582008
0.59114087,2.6425,-88.524544
1.06885171,1.163,-58.775295
0.03171332,5.1548,-87.500412
0.0353698,5.1185,-95.113258
1.2090956,2.6347,-88.289536
8.76350087,1.5148,-78.528435
8.83289052,0.4888,-25.136881
3.61854696,0.3956,-23.653048
7.16278029,0.5541,-30.477428
0.1182104,3.4405,-86.803932
0.18998644,3.0109,-91.257339
0.01190812,4.7636,-82.743767
0.06132903,4.1269,-96.408127
8.35836576,1.1033,-73.786949
0.24077158,2.8569,-89.66275
0.07676356,3.7232,-76.231857
0.0842833,3.7963,-87.430298
0.02973764,4.6765,-90.60527
1.9607178,1.0603,-70.891174
0.10591531,3.4346,-84.858337
3.46948767,1.0867,-95.633041
7.27007914,1.2291,-86.954399
2.59299207,0.1484,-23.331839
8.10531015,0.1161,-14.903518
0.14792989,3.782,-89.639069
0.93119574,1.5436,-51.959808
0.06766881,4.5677,-92.691582
0.04255218,4.0279,-94.855553
1.91214609,1.3417,-83.056976
0.04200966,4.4574,-93.139343
0.00807147,5.5687,-90.98481
2.48002887,1.2339,-83.255638
0.19367673,3.0302,-72.12381
0.06053378,3.8685,-90.544724
8.73090869,1.4418,-76.441154
0.15417101,3.9955,-87.688736
3.58612299,1.3531,-79.522316
1.14399171,0.2107,-22.90662
1.24099398,0.1101,-19.926146
