ec50UM,ic50UM,aMax,actArea
0.06606577,0.07478773,-77.578033,3.9975
0.08537858,0.10027902,-88.535095,3.5752
6.95952805,0.02921496,-76.44178,4.2844
0.01835713,0.02356661,-96.497353,4.9275
0.12657484,0.2111899,-89.153511,3.237
0.15910636,0.18774821,-88.510132,3.3499
0.01163225,8,-88.158577,6.6567
5.11792851,1.67544615,-82.477684,2.1649
4.60025024,8,-33.23505,0.4612
0.01837355,0.01931586,-86.468941,3.9631
0.44137219,0.34519336,-96.978577,2.6233
0.01063237,0.00394157,-78.858177,5.0367
0.04107976,0.04865721,-95.046577,3.7608
0.09850354,0.11716542,-84.055038,3.3561
0.26512805,0.22110626,-98.245316,2.732
1.81682742,2.15144301,-82.094368,1.7314
8.41206518,8,-46.559124,0.2344
8.46376327,8,-31.728937,0.3815
9.53291332,8,-18.151745,0.1943
3.54576254,6.56705523,-54.130085,0.415
7.9048872,8,-47.664074,0.3605
0.30504522,0.38305587,-77.222847,2.6725
0.12206876,0.12415128,-97.492378,3.8142
5.59118434,0.00524993,-97.159203,6.2674
0.05821462,0.06078333,-97.303635,4.3584
1.49516201,2.20389462,-72.149574,1.4665
0.19976479,0.19052872,-100.811569,3.9431
4.18864536,3.73873973,-75.735565,1.1542
8.73922195,8,-32.000252,0.4272
1.67977679,2.03907323,-66.475517,1.2479
0.1401514,0.24393393,-65.804131,2.3948
0.0322053,0.04572786,-96.669006,4.2588
0.06221874,0.065744,-88.025841,4.0031
8.69946514,8,-46.797489,0.3478
0.3162823,0.26327509,-82.641907,3.4189
0.13543682,0.27403277,-99.78611,3.4061
0.03872041,0.03814609,-96.820541,4.7212
0.24698904,0.31598589,-76.742569,2.4283
0.4308196,0.76331002,-79.469604,2.3861
0.46544448,0.80981606,-72.502815,3.0622
2.22918773,2.14705181,-92.68708,2.7288
0.02266363,0.03627276,-52.209965,4.0307
0.1210115,0.12774982,-97.225876,3.5077
8.73932651,4.03542662,-61.252098,1.8601
8.61010051,3.60817242,-81.488609,2.0667
0.08442736,0.0874675,-85.803894,4.2666
0.20539172,0.20357987,-90.084442,3.8206
5.52401579,0.0033895,-93.959778,6.6468
0.07212783,0.09746029,-93.672142,4.0263
2.28284288,2.44592929,-80.504334,1.8908
0.19814904,0.19302695,-92.591003,4.0447
2.74007678,8,-23.866335,0.3303
0.04016676,0.03461671,-95.85878,5.1812
0.07845023,0.07653105,-90.873474,4.4324
0.2259322,0.242928,-91.343475,3.4461
0.00346933,0.003054,-95.175789,6.7285
0.02020832,0.02433141,-95.780869,5.0969
0.08294661,0.08647351,-96.441299,4.4021
2.18734884,2.35833573,-97.315857,1.5507
1.34600353,1.41537094,-96.833,2.1155
3.4515729,8,-39.462856,0.9109
5.47492743,5.75964499,-79.044395,0.9072
8.01738243,4.99233437,-88.261162,1.1019
0.33035806,0.35054246,-88.810478,3.0955
0.00976834,0.01217702,-84.979317,5.4258
0.13535059,0.17070998,-92.730843,3.463
0.15692858,0.17255028,-90.548698,3.692
2.41841006,8,-31.667274,0.6572
1.53448665,8,-14.772494,0.23
0.06873211,0.07451365,-79.521072,3.9523
0.01153036,0.0178099,-61.528957,4.1517
0.02735901,0.02908108,-97.570366,5.0321
8.13875421,4.54653597,-83.976242,1.3627
1.09764159,1.01571441,-89.839088,2.8467
5.04860306,8,-23.578896,0.4085
0.04338365,0.10320146,-88.72467,4.0282
7.27764864,0.12907542,-77.674942,2.8683
0.01001052,0.00552548,-103.784554,6.4203
0.03299244,0.04008104,-104.867188,4.4379
8.02294947,1.58294487,-86.741325,1.5784
0.34073672,0.33796808,-101.315857,3.6344
8.49853273,2.59104824,-71.375999,1.4669
0.07718099,0.07252492,-89.011139,4.7553
8.14894805,2.82164621,-95.556526,1.7103
0.87017173,0.98723966,-91.840721,2.0088
0.15050966,0.16377933,-99.076035,3.5976
0.0412278,0.04668178,-88.560837,4.4105
0.59539145,0.66357476,-95.061493,2.4115
0.05304247,0.06164942,-96.755768,4.3885
4.38317871,4.23478556,-83.734779,0.9076
0.68304074,0.73856801,-89.064034,2.2101
1.17311037,1.36667681,-79.395081,1.9739
0.18103825,0.18791845,-94.453217,3.5768
0.00473395,0.00424515,-98.103462,6.8648
0.04702234,0.04832795,-95.133209,4.6377
6.07828951,5.88331986,-86.363312,0.8521
0.17421493,0.17630956,-97.526207,3.7927
0.67114848,1.01952875,-71.536018,2.1995
0.66799325,0.77856326,-81.537628,2.2248
0.02081868,0.02527587,-65.881233,4.0347
0.05875718,0.09561697,-92.391388,3.6763
8.03157465,4.4114809,-87.731422,1.0183
1.83865035,1.7450856,-71.279495,1.728
0.14604296,0.15553784,-83.19561,2.537
0.77007741,0.94937295,-68.703598,0.8403
6.01736917,0.00519857,-85.75518,4.9955
0.15144123,0.17688739,-96.643425,2.8925
0.95689529,2.50090742,-61.722378,1.4113
2.43805456,2.5361526,-77.01149,1.2075
8.08590914,2.94321919,-85.836105,1.8327
8.09789313,3.34597993,-75.996422,1.2564
7.7566247,8,-45.568199,0.238
0.06753663,0.05736313,-73.171204,4.1065
0.08819315,0.13484372,-100.13768,3.9686
1.03752828,1.78952611,-66.332825,1.4674
0.06068231,0.06439659,-94.661682,4.3607
8.24534618,6.93630266,-51.970963,1.4747
0.13807242,2.11217856,-60.058899,1.9885
8.2301488,8,-49.678818,0.5094
0.00268244,8,-2.122644,0.3123
9.46486273,8,-30.490427,0.3381
0.04547368,0.04096874,-89.369545,4.9033
0.86962706,1.96381629,-56.016582,1.4788
0.07805657,0.68667942,-58.919006,2.1718
0.07212979,0.06207898,-74.447136,4.1385
0.05071158,0.07372461,-88.229019,3.879
1.80899775,2.20389462,-77.572533,1.5229
1.83521462,2.31053448,-62.604069,1.1762
2.25878882,3.04261136,-65.304024,0.8203
0.15928133,0.1991504,-81.744232,3.6966
0.06418232,0.06473182,-90.590607,4.5191
0.03639627,0.01821918,-94.646919,5.7734
0.05202564,0.06620716,-97.213951,4.441
0.14009915,0.18722978,-70.487534,2.9719
0.15418586,0.1730706,-93.214523,3.6724
0.02746007,8,-35.746609,1.535
8.55144663,4.32372475,-74.244942,1.8013
8.81496227,8,-24.656525,0.424
8.25604658,8,-25.236574,0.416
8.33119495,8,-10.619347,0.1709
7.13953209,8,-26.053333,0.5063
0.04679938,0.04612577,-91.824181,3.905
2.17412615,0.07785797,-80.307159,3.115
0.03966222,0.06853135,-93.742348,3.4812
8.1700264,0.67141891,-114.292236,2.4551
1.23053813,1.2114557,-100.46627,1.2993
0.28546417,0.32066065,-72.315224,2.5565
0.01070318,0.0188492,-84.763107,4.5352
0.96115625,1.14069212,-90.655045,1.8786
1.92296112,2.78251886,-70.463623,1.0695
0.04188681,0.05561214,-76.54248,2.995
0.48706925,0.46305826,-95.635803,2.3722
0.16030262,0.28827825,-71.827988,2.6984
0.02869698,0.01078174,-92.642082,5.5322
0.09588718,0.11163597,-96.551636,3.3299
8.15841514,1.09335613,-86.431038,1.975
1.74302924,1.95142651,-78.831253,1.36
3.23408628,8,-31.302902,0.23
0.8324343,1.64211702,-54.258266,0.2847
0.03806436,0.03864982,-88.051811,4.962
7.1564077,0.05813135,-73.600098,3.5274
0.07619795,0.09933457,-86.316383,3.6838
6.29567958,0.00991583,-77.58474,4.7172
6.0490505,0.00258354,-88.860024,6.0438
0.03033931,0.03286568,-95.637169,4.822
0.81302798,0.98149347,-86.525078,1.9704
0.0735596,0.11075456,-84.571274,3.5414
0.09520503,0.08014669,-91.552238,4.6507
0.15930449,0.17214257,-92.415924,3.4352
0.01729376,0.01549878,-90.052635,5.6305
0.05063281,0.05878419,-97.431076,4.3588
3.17097426,1.64689159,-95.543739,2.145
0.28055874,0.28780922,-95.430588,3.4254
8.98482752,5.12324619,-97.703239,1.35
8.06544243,8,-28.656612,0.219
1.30324733,8,-24.003428,0.2898
0.01568243,0.01493892,-95.075218,5.8824
7.08039953,0.03625605,-77.279572,4.7855
0.0692534,0.08142867,-92.395401,4.33
0.01421028,0.00839659,-78.528137,5.322
0.00259266,0.00359142,-92.575912,6.6415
0.02633743,0.03922041,-93.391624,4.6508
0.39121708,0.33778125,-97.762512,3.1949
8.76775539,3.00291014,-94.450798,1.5286
0.06725459,0.09755316,-93.800865,4.0017
8.12179231,7.05223274,-87.347076,0.8926
0.08780278,0.10652117,-67.358002,2.2298
0.2984162,0.32038984,-94.473137,2.3517
6.89571721,0.18650638,-69.94619,3.2477
0.01017546,0.01550378,-66.540916,3.6134
0.04327288,0.04848709,-98.138969,3.7592
0.13551033,0.19277506,-97.452309,2.9514
8.51418065,3.06089473,-67.375679,1.3007
0.04754045,0.05081294,-80.084961,4.3652
0.01263854,0.06491704,-78.053162,2.9688
0.01783348,0.01597572,-77.538315,4.8714
0.00306001,0.00549298,-85.662239,5.8697
0.0220935,0.02475176,-97.056862,5.1316
0.04970722,0.05771403,-93.046417,4.7006
0.0646121,0.1093245,-90.318291,2.8655
0.81880224,0.9270916,-82.721092,2.2255
0.04692368,0.0552978,-81.909348,3.9558
0.06318714,0.22580543,-65.677582,2.9671
0.04116351,0.03416922,-70.487022,4.7138
0.07629988,0.12005324,-89.546951,3.6605
0.01642871,0.04162853,-85.674416,4.2077
2.24849558,2.46482635,-71.079735,1.7576
1.22239423,1.54819405,-78.110222,1.7119
5.7788825,8,-23.131405,0.3129
4.17763472,2.99392819,-70.771477,1.3222
0.00965258,0.01579805,-58.842438,3.8372
0.09103894,0.09811072,-98.048409,3.9544
4.43158102,3.08885813,-79.251312,1.4503
0.04701321,0.04590029,-83.344223,4.6127
1.57859612,8,-28.803268,0.3446
3.61901522,8,-27.584616,0.2926
0.15928479,8,-16.014204,0.3101
0.06678662,0.06849767,-77.109787,4.141
0.03301526,0.04747221,-66.379295,3.5422
0.02796657,0.02421284,-75.942574,5.1654
0.05283957,0.05757766,-104.725937,4.3976
0.18316171,0.23174086,-96.16597,3.6728
0.15864524,8,-14.744283,0.4307
0.11086772,0.14058878,-69.706238,3.1215
0.52322441,0.58942998,-95.674896,2.646
0.01200634,0.01130726,-87.388702,5.3868
0.06236314,0.06598885,-97.851303,4.4823
8.75978966,4.31967497,-91.437683,1.8519
8.48091537,2.20531702,-70.316551,2.2859
0.23990145,0.29341176,-69.010696,2.6201
0.19061892,0.22140196,-80.694923,3.0324
0.05527554,0.66525883,-56.938728,2.2362
0.00869495,0.01010125,-61.16473,4.1891
0.07657497,0.11888967,-93.67157,3.5354
0.07400006,0.13332364,-77.049927,3.209
8.34531646,4.89279795,-83.498329,1.2973
3.21938729,3.49153853,-67.207542,1.3744
0.13349822,8,-4.977474,0.0846
8.95231638,8,-22.351349,0.2713
0.03809711,0.06266729,-67.24527,2.8038
0.15476124,0.20241359,-83.947975,2.9392
0.59461188,0.92136991,-53.719048,1.2931
8.02039003,6.7370863,-75.705666,0.7047
8.03563531,8,-19.8881,0.0373
0.38269061,0.45465624,-83.426498,2.5547
5.86544183,0.00852356,-88.435852,5.2309
0.09230378,0.09215451,-100.727737,4.1072
0.06056523,0.06272797,-93.096886,4.3655
8.43059665,8,-24.167871,0.1771
0.09751115,0.09729275,-95.034386,4.1261
0.02781471,0.02889228,-96.08033,5.0054
0.0144456,0.01335807,-96.279129,5.489
0.09077923,0.09350494,-96.594154,4.0199
0.07475077,0.07750475,-99.100204,4.3541
1.79129601,1.82310045,-96.078011,1.7536
7.4525156,8,-25.316376,0.1102
2.74696302,8,-16.204542,0.0866
0.27610511,0.55270296,-66.624619,2.0782
0.11291152,0.12210101,-93.242195,3.4227
7.49265586,0.16878817,-84.416138,3.014
0.03978804,0.29796761,-81.232841,3.2842
0.14341217,0.15694672,-98.137688,3.1656
0.05174321,0.05547818,-87.314827,3.5594
0.58629096,0.65243584,-84.629967,2.3478
8.49554872,8,-24.112768,0.1841
3.63213611,8,-28.435585,0.2423
7.96582174,7.36535597,-55.700954,0.2108
0.07283717,0.11760903,-79.3927,4.1173
0.02766348,0.02643993,-95.74379,5.546
30,0.00254717,-86.216347,6.7813
0.01170756,0.01158702,-96.292221,6.3157
0.02421177,0.03070632,-98.955147,5.4439
8.09292854,6.75065804,-95.781921,1.2041
8.01622016,6.81913519,-89.269897,0.9553
3.43468809,3.60911465,-91.379471,1.2434
0.10759804,0.11558864,-94.849953,4.2453
0.0069603,0.00851492,-94.905426,6.1489
0.10349003,0.11483645,-98.68821,4.0341
0.22568177,0.24027066,-86.838203,3.7258
0.54021394,0.62076706,-89.725708,3.6068
0.04485874,0.05829947,-95.775215,4.9707
0.00456452,0.00450234,-96.369926,6.9533
0.00665398,0.01359698,-98.813438,5.8489
0.05579155,0.05818048,-96.906357,5.315
3.40755749,2.31096053,-97.712944,2.5702
4.50303841,2.38116074,-95.831223,1.9076
1.09161878,8,-28.295166,1.0076
8.59658816,4.88063669,-89.95858,1.3882
8.63384192,5.03662729,-84.974762,1.2882
8.65279307,5.04196835,-66.31308,1.4978
6.39161539,3.2635386,-79.817047,1.5231
0.00346188,0.00311168,-98.150177,7.2354
0.01508657,0.0180795,-93.948456,5.3984
0.09350163,0.10702965,-94.615997,4.0743
0.23221543,0.27648526,-95.624779,3.1957
7.43280029,6.15767717,-94.35453,1.2785
0.18789941,0.24354453,-62.451622,2.4711
0.10910317,0.1147289,-96.31102,3.8365
1.39274025,3.90894318,-57.878433,1.1501
0.53511852,0.52991366,-95.518616,3.0704
0.10854068,0.12330926,-78.015633,4.1275
0.20077789,0.29362819,-86.066299,3.2487
0.01006654,0.02295878,-69.195404,4.5905
0.04720529,0.04827156,-96.158417,4.9539
2.50247264,3.16795731,-73.729317,1.9154
0.23767,8,-13.978923,0.4788
8.55442444,8,-39.859646,0.6781
9.08050241,8,-25.265465,0.5213
0.11973575,0.25648075,-56.242828,2.7511
0.03305847,0.04794786,-63.481594,3.9497
0.08475526,0.12025812,-84.021111,3.2683
0.96800745,3.78526092,-50.351799,1.3696
0.72503322,1.24612951,-65.504578,2.2119
0.01301991,0.14104521,-66.173851,3.1786
0.45428282,0.34567094,-100.846298,3.1566
3.46148706,6.33207083,-51.818092,0.4371
0.00936986,0.01084603,-69.248039,4.3906
0.03450824,0.02961304,-99.259987,5.0138
1.82444179,6.14237213,-52.995491,0.8191
8.02194584,6.58544159,-65.075806,0.5617
2.36032653,8,-22.14266,0.146
0.16512592,0.18347709,-76.777344,3.0328
0.09780139,0.16213965,-90.502831,3.2483
0.00374754,0.00351323,-89.227684,6.5055
0.07541131,0.07592098,-97.501808,4.0829
0.62567592,0.77653265,-89.698204,2.1373
1.30075002,0.96733326,-94.437042,3.0781
8.70410325,7.80798435,-51.734505,0.4963
5.61947617,0.00715142,-72.937309,5
0.133476,0.14582846,-94.539581,3.7899
0.0418415,1.68885744,-55.958332,2.0534
1.04567957,0.85342044,-92.050514,2.3703
0.11951659,0.4945876,-79.913643,2.6066
0.03579598,0.04634737,-97.033127,4.5124
0.2289646,0.45912713,-80.889374,3.0826
8.00846385,5.71829748,-80.890701,1.1636
2.33927083,2.22334528,-95.592728,1.8192
9.20113562,8,-34.961853,0.4078
1.67397475,1.96294165,-70.419044,1.5499
0.73750228,1.14077973,-68.797134,1.6665
2.4218514,2.69932485,-67.808151,1.808
0.18759753,0.20375821,-99.9636,3.3569
1.27958262,2.14122176,-64.381165,1.3044
2.42018724,2.88946056,-69.167328,1.1332
2.25353313,8,-22.844702,0.2108
8.88557531,8,-19.247707,0.1797
9.39894877,8,-25.420696,0.2176
0.79481375,0.85538918,-89.066666,2.0606
0.03212693,0.01088609,-78.953964,4.9445
0.20627679,0.22145638,-96.817802,3.1265
8.37353608,7.4592948,-65.490532,0.6721
2.46524715,8,-48.822021,0.8919
0.4979938,0.5473209,-83.100472,2.5308
7.74420277,1.22628498,-61.639488,2.4054
0.04816212,0.05407386,-95.729401,4.3922
0.67930204,0.54061091,-99.823723,3.618
4.62282896,4.82124567,-87.474266,0.9383
0.00673071,8,-97.559929,6.988
8.72395327,8,-30.742388,0.6213
0.29217872,0.34042752,-91.937668,3.05
6.62591493,0.01585762,-71.928802,4.7368
0.1173726,0.14658085,-91.016602,3.7306
2.6915195,8,-38.431973,1.0149
0.09647612,0.10349359,-70.295494,3.3698
3.71383143,1.86531079,-73.023621,1.8093
0.01852258,0.02068819,-69.268074,4.1905
0.12601155,0.15430507,-98.800049,3.5222
0.44907415,1.67619264,-62.648674,1.5971
8.6020015,2.01946545,-75.599625,1.9735
0.04393419,0.04666959,-85.994377,4.5573
0.0281042,0.07532502,-74.390381,3.7711
0.00509922,0.0059226,-65.825554,4.8994
0.06940588,0.07561718,-91.273155,4.0105
0.11302792,0.15279779,-93.982483,3.6574
1.44632351,1.6185751,-89.002678,1.8226
2.04504848,2.54235482,-78.655754,1.4561
7.58986282,8,-37.821964,0.3243
0.97193408,1.19991696,-65.011116,2.0055
6.86636305,7.23916149,-52.867378,0.943
0.05230463,0.04812422,-90.059906,4.6237
0.11150443,0.09661954,-103.59433,4.3852
8.05960167,5.25670195,-76.400352,1.3273
0.01400778,0.01480163,-88.349693,5.2263
0.03435278,0.03599412,-96.362068,4.804
8.08185991,6.72178698,-93.472443,1.1576
0.7734378,0.73549968,-92.835953,2.3484
0.33844885,0.39034453,-95.283226,2.867
0.14115709,0.17533991,-81.520912,3.6877
0.12769011,0.26240698,-81.725754,2.8611
0.02366408,0.01636847,-82.493393,5.3918
0.02736202,0.02865008,-98.428619,4.751
0.32263854,0.65069425,-77.545227,2.3477
0.1947763,0.60953158,-80.35276,2.4477
0.08183101,0.09958667,-79.342644,4.3291
0.1621978,0.28571239,-83.079201,2.9043
0.00954683,0.00558513,-75.084076,5.5828
0.07362159,0.08087268,-93.237831,4.6055
2.89625049,2.73984861,-73.945801,1.7102
0.57162887,0.5238595,-89.936668,3.1338
8.12275317,3.53416944,-87.973404,1.4006
8.14448904,8,-28.541491,0.301
0.24533793,0.27879262,-76.698441,3.6265
1.13992357,1.51800251,-79.46125,2.0173
0.02082523,0.0181148,-90.417816,5.7321
0.13158952,0.13646078,-95.947197,3.9169
0.50952768,0.67026472,-86.344131,2.4101
1.79431355,1.18739307,-96.955109,2.5829
8.51359166,8,-27.62026,0.3269
6.20236158,8,-23.57132,0.4692
8.31940174,8,-15.00188,0.1502
8.20480323,8,-25.189182,0.2154
7.97487879,8,-28.913033,0.2797
3.34441447,8,-31.248629,0.4755
0.0850836,0.11710604,-58.217384,2.3103
0.22549167,0.3009809,-87.768372,2.4994
0.40484944,0.45452356,-86.161072,2.6683
0.02734444,0.01374758,-87.030846,5.0501
0.10645747,0.14139231,-96.34922,3.3944
0.13348299,0.24052918,-65.312096,1.9759
1.21975291,1.74792945,-74.255577,0.7958
0.44061795,0.61032802,-83.558685,2.0795
0.25051105,0.23703353,-95.795746,3.3319
0.0344702,0.02485349,-83.923225,4.8643
0.00762508,0.02270171,-98.495956,5.1937
0.40508407,0.38335019,-98.333656,3.3946
0.19280706,0.29813245,-84.064453,2.8988
0.03366822,8,-28.559263,1.1063
8.50740441,0.85026676,-96.363205,2.7443
2.0622921,1.90273154,-91.507469,1.827
8.52748413,8,-29.408504,0.5364
2.56625652,8,-28.015148,0.5904
9.2010568,8,-33.389778,0.2392
0.94269723,0.99330938,-80.947876,2.6195
5.0110426,0.43227536,-87.75576,3.4138
0.01050865,0.05223197,-100.44339,4.3873
0.52629155,0.63713324,-84.262482,2.942
1.01974893,1.29999971,-80.752892,1.9651
6.47553982,0.0060104,-83.341858,5.864
0.01117621,0.01285715,-95.974701,5.6735
0.09407197,0.13066545,-88.179947,3.8043
2.56974959,2.90852094,-83.3703,1.2322
1.75069475,2.06911254,-83.738167,1.5215
8.40848858,8,-18.64641,0.1598
0.1453684,0.1515169,-94.090103,3.6462
0.00681655,0.00531926,-84.286247,5.9311
0.02289373,0.02238038,-95.620056,5.538
0.81881994,0.89367098,-77.488571,2.2338
0.04013025,0.04950314,-88.928391,4.1463
0.12930058,0.20324552,-71.864021,3.1582
0.03643913,0.05674262,-70.712906,3.5526
6.18332753,0.00766751,-82.90583,5.2472
0.01608768,0.01754217,-94.472313,5.2683
0.20904554,0.24845709,-86.44268,3.1954
0.29443425,0.38524523,-73.481934,2.5368
3.5624404,3.05638409,-79.545403,1.356
8.77201568,8,-28.642334,0.2845
0.0964476,0.11627251,-76.574593,3.3913
1.2403965,2.36995745,-57.966747,1.2505
0.00478392,0.00571023,-92.764847,6.3364
0.08143727,0.08326793,-98.494957,4.3589
0.06342217,0.18594281,-69.316811,2.9091
2.74258304,1.54415619,-87.25602,2.4981
0.00318373,8,-24.047287,1.3523
0.04672672,8,-40.365448,2.1132
5.00708818,2.6669693,-90.740364,1.9241
4.33167839,4.77796602,-77.467239,0.9437
8.63063486,8,-20.539227,0.1733
2.6580143,8,-33.246059,0.5493
4.0232501,8,-38.852993,0.5101
2.62004018,8,-28.889307,0.5401
8.02441863,8,-41.412575,0.3525
0.02172719,0.02685253,-66.087791,4.0054
0.02106771,0.01914952,-77.625931,4.9906
0.06668095,0.07404468,-100.781296,4.3314
0.06851898,0.09915924,-85.146713,3.7728
2.08558822,1.96417844,-102.190697,1.921
7.3910594,1.9707067,-97.724823,2.4285
5.73222542,1.42946458,-93.825523,2.0888
8.21994599,4.93469095,-80.743683,1.3051
8.26981685,6.10896635,-58.449909,1.0515
0.03337744,0.21053881,-54.875633,1.6628
0.07488713,0.16886857,-67.691116,2.9562
0.22910132,0.16943243,-95.080299,3.1361
0.01196305,0.01343916,-70.867424,4.2166
0.02742044,0.03442898,-98.108643,4.3233
0.35333082,0.36630365,-96.185318,2.5007
0.02430888,8,-80.121002,4.9196
9.16239752,3.74086523,-94.14222,1.3453
0.29692268,0.52340096,-84.694633,3.0013
8.39324697,3.8423233,-83.385147,0.8215
5.16790819,8,-26.890471,0.2502
6.61850309,8,-13.142727,0.0346
6.74683237,8,-38.807537,0.273
8.1978295,8,-25.122776,0.2841
7.40467644,5.7492137,-96.763481,0.9608
3.04937744,2.3180716,-81.392197,1.848
0.0244014,0.02650133,-68.651741,4.1256
0.05987443,0.06900461,-95.318359,4.2725
1.62074268,5.09843636,-52.55817,1.2612
7.76108742,5.62861729,-79.916954,1.5222
8.38579096,7.20543337,-62.673821,0.6211
7.0846715,8,-35.08696,0.3232
3.9356668,6.31390715,-53.128372,0.3766
0.06194265,0.09143956,-76.062317,3.251
1.23260284,1.16280758,-80.190552,1.6605
0.01045713,0.01209053,-78.929466,4.6005
0.0101305,0.0151788,-57.41325,3.9556
0.11585982,0.13898471,-94.198105,3.2337
0.73034346,1.20074666,-76.590797,1.63
8.94941327,5.28609705,-92.595291,0.4842
1.31955922,2.41327214,-67.473419,1.7595
0.88060081,0.85554689,-90.739609,2.7765
0.12974635,0.23381846,-80.415527,3.0417
0.02073067,0.02681832,-69.946739,3.657
0.02804973,0.03325266,-100.787865,4.9024
0.17884044,0.17434344,-102.194626,3.5284
0.14978372,0.17700699,-87.073677,2.8192
0.01525006,0.08025265,-70.430328,2.8012
0.04226755,0.10213217,-58.253548,3.0234
0.10456184,0.09970301,-113.737343,3.9406
0.32344422,0.38891402,-71.772003,1.972
8.60781743,4.40382958,-103.545006,1.1943
8.76826293,4.1937418,-78.76767,1.0744
3.44528914,8,-39.233234,0.3011
8.07081457,8,-37.666153,0.2063
0.02277681,0.03587213,-66.996506,4.1513
0.16440092,0.24618134,-81.161858,2.8009
0.02081482,0.02229322,-62.217525,4.591
0.14147769,0.14629741,-95.942574,4.0676
0.18912362,0.87509996,-61.165649,2.0361
0.28065568,0.38300291,-76.723969,3.1782
2.03089452,2.18169618,-79.353752,1.8224
2.1371038,2.8560102,-69.898087,1.5185
8.55786957,8,-38.740696,0.5373
2.54447842,8,-33.420158,0.7127
2.91798949,8,-40.779007,0.5841
0.32198289,0.27226621,-90.429199,3.9869
0.0370595,0.0187758,-86.162849,5.2374
0.05629895,0.06376069,-100.528526,4.5119
0.1349937,0.17347786,-85.14045,3.7843
9.01177787,2.3152957,-97.137199,1.8429
8.66937793,7.13658428,-54.072403,0.9194
4.49276114,6.45037556,-56.897427,0.7352
0.19891876,0.23015147,-71.384262,1.9799
0.30084533,0.494542,-81.530884,1.9584
0.03875459,0.04099141,-97.206558,3.5627
0.07257309,0.17397425,-74.003891,2.3493
1.58017385,2.08093858,-77.267365,1.1864
1.60134924,0.82817125,-86.598183,1.9181
0.03830626,8,-83.542999,4.968
8.14987239,8,-34.708664,0
9.32603606,8,-24.879791,0.1774
0.45809573,0.56319368,-79.319122,2.7715
0.02905073,0.0271829,-93.380623,5.3432
0.01754654,0.02177269,-95.007339,5.2424
0.06970786,0.09614279,-59.268826,2.7301
0.04266382,0.04186839,-93.578728,5.0616
5.32892323,5.35647821,-90.994553,0.9015
0.66368866,0.70767999,-88.045532,2.3471
8.11497573,8,-39.225353,0.3363
8.79888332,8,-25.361794,0.21
3.84161949,8,-48.524883,0.1814
7.29184437,8,-34.284084,0.5736
0.04833357,0.05581841,-74.912094,3.9465
0.05027463,0.12751257,-77.192902,3.5121
0.10889659,0.13543539,-92.676971,3.4435
5.84857472,0.03655413,-56.315968,3.3439
0.06572214,0.06614719,-94.086288,4.3951
0.07588213,0.19639184,-75.498978,2.9047
0.01064094,0.01106447,-80.834831,5.046
0.02872056,0.0317828,-98.629738,5.2138
0.04713742,0.06286687,-87.87249,4.2169
8.30692667,2.96131468,-75.181473,1.4072
0.23670672,0.31238058,-77.25074,3.2033
0.00985082,0.01665611,-84.438881,5.3659
0.14805004,0.11665717,-96.100876,4.1913
1.51390636,3.5154345,-58.673538,1.1671
0.11091258,0.19628626,-72.375748,3.5615
8.22028189,4.11328554,-68.885208,1.5288
1.03447604,8,-17.430529,0.3625
0.74516416,0.74634647,-85.606812,3.367
0.00439164,0.00764951,-81.658112,5.3401
0.02664517,0.02578016,-98.85067,5.2359
1.15284061,1.12532377,-99.017647,2.2681
0.10621878,0.13071564,-86.943649,3.5555
6.8155632,2.00216723,-95.158218,1.8406
3.27344918,3.41640973,-91.178055,1.0813
0.19607998,0.45845756,-75.889725,2.8915
0.03887308,0.0423425,-93.626915,4.8066
0.05906623,0.05867954,-93.773117,4.7345
0.40850645,0.83757508,-69.30188,2.6995
0.03626474,0.04258319,-90.386703,4.5036
3.37501764,3.24539065,-81.633911,2.1238
0.0073013,0.00644435,-93.415024,6.4934
0.07415554,0.06742653,-96.278732,5.4087
0.01836952,0.03356985,-97.900169,5.2178
0.00974633,0.00899397,-94.813919,6.2273
0.0297631,0.04164324,-98.901375,5.3778
4.39336613,8,-98.255981,7.4525
1.20888555,1.19910622,-98.839615,2.4769
8.72054409,7.85188723,-54.804047,1.3094
3.50113297,2.85500121,-94.060097,1.9859
0.26135641,0.31229904,-85.407585,3.0618
1.61637998,1.92904282,-72.458214,1.4702
0.2349515,0.25044206,-95.579018,3.8193
0.14120138,0.12698089,-93.750824,4.1427
6.62754154,7.47363234,-55.165482,0.7999
0.40641379,0.42586872,-82.830681,2.8494
1.92047942,1.95809281,-89.334045,1.4957
0.02353929,0.0195941,-95.751068,5.5243
0.08818215,0.1035572,-95.247208,3.9183
8.74404109,5.33422518,-58.622044,1.0873
9.03671073,2.6322906,-92.630234,1.5113
0.16849423,0.17188624,-91.930412,3.2674
0.18973963,0.1969084,-90.417671,2.844
0.04903768,0.03881523,-87.882927,4.5241
0.09700853,0.10690148,-95.989174,3.2886
2.7325151,2.26913357,-73.276505,1.337
0.32578483,0.35075253,-91.800201,3.0484
6.43602085,4.87636519,-81.328133,1.0372
8.27624977,8,-28.650944,0.1626
1.20877469,1.22053409,-95.376579,2.7719
0.12129758,0.1251739,-95.861336,3.7926
0.07383665,0.06871372,-92.92009,4.6195
0.09218513,0.09899791,-97.350746,4.1631
8.61010003,2.16470361,-72.796463,1.8753
0.06101474,0.06171101,-91.172836,4.3635
3.61447024,3.02281165,-96.93956,1.3627
4.04781532,8,-24.777308,0.2292
0.04647229,0.04604648,-89.622215,4.7346
0.0168223,0.48988429,-69.930511,2.6857
6.30374775,0.00589247,-76.379562,5.2099
6.61119526,0.01947885,-103.28598,5.3576
4.90201664,0.82669681,-94.010559,2.7298
8.65647002,4.28721571,-76.695259,1.1401
8.50341388,1.64600635,-83.262978,2.3581
0.11510267,0.09186899,-92.364456,4.46
1.04400516,1.44143832,-75.422203,1.4881
0.4495652,0.36820489,-94.580048,3.3078
3.28314447,1.81262839,-93.686478,2.5074
0.00361865,8,-93.957191,6.8063
7.92392874,8,-40.753162,0.3788
7.54918575,8,-32.822472,0.3717
0.08635377,0.07790104,-86.897347,3.4438
0.40384886,0.73428047,-71.036835,2.0435
0.22970477,0.25397542,-92.38147,2.5283
0.02242837,0.03209829,-94.242401,4.1539
0.70932162,0.76959735,-88.701241,2.157
0.97703236,1.01651049,-86.664429,1.8441
8.06531091,8,-27.466621,0.196
2.94766974,4.55639458,-55.895897,0.3951
7.95090342,8,-38.427891,0.2984
0.13970427,0.14106906,-88.753571,2.6699
0.21105579,0.21217845,-97.114815,3.3657
0.24714692,1.33829701,-60.517685,0.9161
1.42118335,1.57469869,-78.984261,0.8519
0.02198464,0.02265886,-97.797035,4.3195
0.21459393,0.2179565,-98.388351,3.162
0.01164508,8,-100.30098,6.4903
8.08457847,5.20183659,-88.070053,1.0095
1.10533166,8,-19.686256,0.0208
8.25878532,8,-37.082413,0.1834
0.17395806,0.16681878,-87.697517,4.0906
0.02067368,0.13389011,-65.324722,2.6201
4.56649987,0.00267777,-97.510933,7.1184
0.04304832,0.05182117,-97.932297,4.4571
0.11703763,0.11951409,-93.994171,3.8619
8.48600434,5.38767242,-92.574677,0.9409
0.62463737,0.46547601,-89.090477,3.4375
2.30943179,8,-28.448324,0.3061
0.06983216,0.07471079,-78.418427,4.0161
0.16319725,0.25720677,-72.741333,2.5274
0.01116796,0.01913658,-72.794212,4.4939
0.36552143,0.77063841,-70.785103,2.1201
0.02989955,0.05578584,-66.34063,3.8473
0.06829532,0.07875777,-93.053856,4.0976
2.05172324,2.66582227,-75.812302,1.518
2.33279586,2.73942781,-79.876663,1.22
0.0283109,0.05881129,-84.619682,4.2034
0.28609255,0.3537938,-91.927933,3.5666
0.00468404,0.00495042,-88.268044,6.3166
0.04692021,0.04782648,-95.092216,4.7139
0.39056769,0.38925472,-86.537529,3.1885
0.6323548,0.7452237,-84.725014,2.83
0.0569001,0.06348606,-84.641823,4.3543
0.25652066,0.23158783,-95.196671,3.78
0.38648194,0.4688057,-71.010567,3.0522
0.00557232,0.00379453,-98.343216,6.9774
0.05055439,0.04314751,-96.416557,4.9117
0.07296546,0.0852207,-96.06868,4.3472
0.87596583,0.98645133,-91.629837,2.1877
0.57098669,0.54988289,-94.889992,2.9431
4.1368289,8,-28.987118,0.2699
9.17748411,8,-21.471394,0.1706
0.6492666,0.70176911,-90.551949,3.1359
0.02961331,0.02979739,-94.520668,5.2731
4.89522133,0.00410458,-93.128693,6.4498
0.01038629,0.0113229,-95.073769,5.8744
0.94079214,1.02324736,-83.303062,2.4255
0.02874053,0.0296276,-97.399529,5.2886
0.40614772,8,-22.880873,0.9611
8.8847698,2.93360472,-96.569595,1.8524
8.31659866,8,-37.576752,0.6156
8.3272445,8,-25.634693,0.8364
8.31073035,5.85788822,-73.896393,0.5896
8.49146784,8,-24.891367,0.2035
0.06090715,0.07082279,-91.651482,3.535
0.06772029,0.06704437,-95.408424,3.3621
4.91006441,0.00292017,-97.24128,7.0226
0.04913234,0.04879194,-96.360565,3.6088
0.20995385,1.06466556,-65.549377,1.6212
0.16681035,0.17350183,-99.317535,3.4983
2.78157449,2.47309446,-90.55117,1.1746
5.68391085,8,-29.103115,0.1657
2.06368613,8,-22.136988,0.2789
3.41952252,7.23560381,-50.70644,0.1933
0.01685348,0.01570103,-93.55957,5.8391
0.03908445,0.04370789,-96.382332,4.7622
1.32592559,2.40538859,-66.504578,1.3954
2.85504222,3.64975953,-63.444916,1.0404
0.20904048,0.21925274,-90.806175,3.4621
8.11682798,6.75086546,-67.07975,0.9825
0.01015002,8,-96.612343,6.9914
3.02217937,8,-17.331343,0.217
0.02329641,0.03723079,-54.529385,3.2136
8.42693841,1.52569389,-68.489754,2.7961
0.0177675,0.06361687,-64.872826,3.5574
0.02727878,0.03618873,-98.709045,4.9122
0.12632507,0.29658389,-56.374409,2.0185
1.07651293,1.34218824,-62.100815,1.0425
2.34082961,2.11415887,-84.721184,2.1034
0.02680807,8,-83.733665,6.095
9.13678214,3.64471698,-78.475349,1.9966
6.40142727,3.73977351,-68.621597,1.5608
8.11847254,8,-27.575647,0.479
0.08326316,0.07642883,-95.36824,4.4812
0.1945955,0.24045159,-87.558189,3.213
6.94266238,0.12391692,-70.938644,3.2954
0.04395682,0.04980978,-96.976158,4.4547
0.74436724,1.53262365,-74.306183,1.7043
0.24612951,0.25112009,-93.659348,3.5301
0.0157627,8,-96.605728,6.6097
5.9348383,8,-14.046343,0.0603
7.94906187,8,-34.169006,0.2558
3.70991087,8,-32.450157,0.302
2.50008726,8,-39.816139,0.5761
0.18538715,0.18384104,-84.206085,3.5
0.14870103,0.30905372,-71.092239,2.2204
0.00538334,0.00608818,-83.824265,4.9761
0.05255108,0.0515433,-113.529564,4.1571
8.0800133,0.79547656,-107.62677,2.0875
2.0953269,1.95166636,-92.396164,1.4973
1.79277158,1.76612127,-93.20826,1.9431
4.24696016,5.93597317,-56.787365,0.5977
8.23739769,7.76241922,-56.244789,0.6577
0.17728174,0.16149087,-89.317024,3.202
0.01329147,0.00826884,-107.822105,5.9558
0.16855131,0.16285108,-113.694801,3.3784
9.22972677,7.76456595,-51.598728,0.4206
2.22601533,3.05450654,-67.642578,1.2569
0.10118479,0.1019989,-85.11113,4.175
0.15992071,0.2009389,-83.907608,2.9952
0.00537617,0.00310838,-95.465111,6.7642
0.05877781,0.05961905,-95.051331,4.4865
4.0481,4.34589911,-65.397469,1.0698
0.31823328,0.36109659,-85.761978,2.7835
1.53049648,1.70819175,-87.363457,1.5338
1.24225199,1.56926525,-72.880241,2.1467
0.01382685,0.02297572,-76.850426,4.5754
0.05474415,0.05705904,-99.39978,4.1861
0.61841142,0.37224856,-97.061653,3.4388
1.45638287,1.93138528,-75.367386,1.4162
0.52805662,0.55708438,-84.91536,3.0737
0.00630941,0.00527451,-98.615173,6.7887
0.03038472,0.03144286,-94.333977,4.9712
8.76548761,3.50271273,-95.89595,1.3379
0.12668967,0.12633492,-97.235596,4.3275
8.10898579,6.61453962,-97.247368,1.0459
0.1238748,0.11705568,-87.666107,4.2745
7.38316583,1.37903512,-61.26466,2.5031
0.04583256,0.25415495,-61.655167,2.6177
0.02302237,0.02632038,-97.89814,5.2349
0.31981173,0.5192765,-78.156532,2.7238
0.02091353,8,-87.397041,5.9449
1.45886171,1.98105705,-71.917091,1.4087
1.03972554,8,-24.623032,0.3171
2.73406839,2.66164851,-75.774124,1.9767
0.00824152,0.01062293,-92.397217,6.0218
0.04197341,0.06246161,-95.33741,4.1707
0.12055011,0.16969553,-90.927597,3.4747
0.09119517,8,-10.669472,0.3515
0.11544108,0.14102139,-66.462364,3.341
0.06828588,0.07883524,-59.908978,3.5502
0.06321346,0.08550394,-69.808441,3.7813
0.04686497,0.05398174,-85.126076,4.2756
1.36178505,2.37411141,-65.156006,1.5339
0.90399516,8,-21.326525,0.4053
0.14699848,0.15099874,-88.682564,3.4967
0.14020512,0.24663179,-88.581573,3.0172
0.02129555,0.01755916,-90.441231,5.7164
0.08407939,0.08824352,-95.629311,4.1128
0.41258937,0.51106989,-84.970337,2.709
0.09966248,0.4203893,-60.963207,1.6136
2.45056391,2.41757631,-92.536224,0.5537
0.00340915,0.01274291,-118.387466,4.8113
0.12036145,0.10296394,-125.52285,3.6886
0.14583641,0.91578198,-65.364197,1.5667
1.12036645,2.47070217,-57.645012,1.1215
3.22886133,3.02913356,-70.012016,1.4118
8.31435018,3.02731919,-64.976418,1.8386
0.11340004,0.10596789,-86.058311,4.0595
0.3373034,0.34871635,-92.449226,2.4007
2.83414936,3.86564946,-61.41925,0.9598
0.0110648,0.01176206,-86.209595,5.357
0.0340374,0.03730407,-98.707802,4.822
8.38024046,3.21536803,-59.346466,2.0258
0.70685685,8,-32.877556,0.3737
3.70465422,8,-35.6101,0.4683
0.04841532,0.05317352,-78.360504,4.2099
0.23024245,0.23956303,-88.426933,3.4861
0.05936118,0.603661,-64.177734,2.6134
6.68714969,0.00379505,-76.494781,5.4653
0.08117606,0.08793364,-94.428986,4.0713
0.54186159,0.592089,-85.478607,2.792
2.64698339,2.84283471,-84.202202,1.3872
4.99596548,8,-25.894859,0.2396
0.1843743,0.19934934,-80.633987,3.0683
2.87123275,1.56142604,-86.529762,2.1066
0.34036604,0.4900499,-80.675079,2.4655
0.00906932,0.01816971,-64.085068,4.3007
0.13523285,0.13488102,-98.164528,3.8702
2.77035642,1.72801268,-85.732529,2.2588
2.56695795,2.64193225,-91.926987,1.2743
2.52903414,8,-23.950499,0.2714
0.13712682,0.13419692,-89.11306,3.7247
0.0917303,0.13799757,-73.456184,3.606
0.77695274,1.02574968,-77.137474,2.0877
7.226897,0.03525318,-85.769257,4.299
0.02017334,0.01586006,-77.535805,5.3968
0.07454404,0.08542386,-95.346947,4.0222
3.23288369,2.88746381,-74.496597,1.4209
0.25306389,8,-16.272167,0.3102
2.3906641,8,-19.843899,0.221
0.07729551,0.07874567,-85.621574,4.3709
0.34307391,0.32262719,-93.396339,3.4797
8.0957742,0.95285028,-69.962547,2.5158
0.01069605,0.00877331,-79.63961,5.4913
0.07829594,0.09441426,-90.877495,3.7359
8.80274247,1.541857,-84.149323,2.5477
8.08769518,8,-20.138699,0.1723
0.44039884,0.44966215,-95.884468,3.259
0.02380819,0.02026637,-96.786232,5.5938
0.20010361,0.22518882,-76.888153,3.2177
0.2671842,0.19456907,-101.019035,4.1862
5.8645495,8,-96.843704,7.1858
1.42496491,1.32667041,-91.380966,2.6843
3.20615721,8,-31.415808,0.2601
8.12600534,8,-32.744152,0.35
0.22422959,0.38813812,-60.076599,2.0787
0.29809913,3.72578216,-50.945904,1.6719
0.27037984,0.391233,-80.865334,1.9126
0.01793095,0.01797454,-68.946037,4.2393
0.06543615,0.08274639,-78.057266,3.2379
0.72867173,1.13095605,-76.538727,1.5711
1.86981237,4.98061419,-54.496864,0.8141
7.39591885,8,-16.188635,0.0218
3.23373437,8,-43.463604,0.1819
0.11152129,0.1011454,-87.646324,4.4138
0.01340779,0.06461856,-86.957146,3.7177
5.79195186,0.00405059,-97.425079,6.7585
0.07964327,0.07805437,-99.000397,4.1845
0.21271516,0.22603795,-81.476349,3.3291
9.00265084,3.16863871,-97.882446,1.5768
3.44203162,2.14965892,-96.623543,1.6271
1.99235559,1.98669505,-97.977585,1.7777
6.85480976,8,-48.165737,0.5781
0.37917262,0.6604628,-57.230087,2.4817
8.06407133,3.12263632,-78.212448,1.3212
0.09216943,0.09386329,-98.685204,3.9954
3.82698774,2.86977553,-81.201889,1.4907
1.17098427,1.78911376,-68.755623,2.263
8.6339758,8,-19.224051,0.0789
8.03785626,8,-23.529325,0.2098
3.76573348,8,-25.035004,0.4002
0.07665116,0.08698244,-72.342331,3.2431
0.15014386,0.16512077,-92.897438,3.5233
0.44334117,0.32165724,-73.645546,3.0873
5.25925632,0.00335582,-79.156357,5.4204
0.08882408,0.09379122,-94.329308,4.0085
0.18841164,0.20539238,-87.814651,3.3451
0.04895727,0.06934998,-73.787491,2.6612
0.30391023,0.45351225,-91.584824,1.7691
0.03285882,0.38041702,-74.202362,2.8214
0.01123645,0.01026361,-82.382385,3.9711
0.0505479,0.0481797,-104.418274,3.5197
0.229739,0.68677437,-77.64711,1.5515
5.11458921,5.02935934,-77.738289,0.5411
0.56899941,0.74954063,-89.553688,1.7677
0.0620062,0.06811049,-84.172668,4.3483
0.12587999,0.14136624,-87.29879,3.4648
0.65561509,0.77396029,-78.287781,2.2368
4.91158365,0.00320871,-77.869553,5.8073
0.10494902,0.13777515,-93.018112,3.6862
0.3369374,0.36909401,-95.884567,3.1664
8.02260655,1.43714893,-78.633942,2.1313
8.31611513,8,-28.590584,0.2345
0.07166071,0.08245836,-75.719879,3.4803
0.08451576,0.15040378,-79.662781,3.4381
0.38645777,0.43817216,-87.04142,2.7868
0.00731432,0.01975488,-92.919632,4.8153
0.01192483,0.01645394,-63.217987,4.0096
0.0407294,0.05007985,-96.761002,4.357
8.1400125,2.61271167,-80.337898,1.5713
8.00918791,2.56502914,-81.329826,1.669
3.5053196,1.18135262,-91.326653,2.4189
8.22623002,8,-33.416382,0.3683
4.00161696,5.70425987,-57.370693,0.5173
0.97711957,1.02065706,-81.945816,2.5398
0.00646643,0.01010388,-90.393028,5.7467
0.04985412,0.06384793,-94.816673,4.2803
0.50971341,0.34815967,-87.331856,3.0622
3.34707475,6.62267351,-52.49332,1.4536
8.7582144,7.55710125,-52.647839,0.5391
0.22121218,0.3620019,-71.519829,3.4009
0.0858104,0.11808878,-96.173515,3.9479
6.31619674,0.020692,-73.876335,4.5666
0.00848958,0.00950259,-83.013222,5.4592
0.01234656,0.01193112,-95.765709,6.1262
0.05608167,0.07034354,-85.503365,3.9765
0.54068232,0.54971397,-93.765678,2.6454
5.96649027,4.87359428,-95.946075,1.0578
4.05886126,4.26540613,-91.987129,1.1751
0.53991205,0.5941664,-88.354446,2.6965
0.02207361,0.0210595,-95.23616,5.5533
4.49334832,0.00332529,-98.237572,6.9777
0.00993447,0.01079169,-94.534721,5.9228
1.95761263,1.32746553,-95.215988,2.289
0.03008648,0.02956168,-97.543663,5.2524
8.31722535,3.55644441,-95.911026,1.3994
1.78399324,1.77820849,-96.883041,2.3245
8.38823385,2.8703928,-97.178886,1.9616
7.04285574,6.98227263,-60.6991,0.7179
2.03610897,8,-19.846579,0.7028
3.42078209,8,-35.06628,0.5583
0.38511458,0.80582023,-64.097893,2.0471
0.63383144,1.41367602,-62.778763,1.9162
0.24401075,0.2825523,-73.821281,2.6997
0.14117166,0.14805181,-96.626564,4.7984
1.03587771,0.2662932,-96.640343,3.5208
2.41635728,3.46498275,-61.440533,1.3862
3.00293207,1.78702629,-76.767738,1.8955
0.16887884,0.20274968,-96.310852,3.2763
8.2341209,6.51230431,-57.496017,0.7466
8.06571762,3.24893212,-76.935043,1.9364
7.16204214,8,-48.157993,0.4298
2.60253978,8,-17.110655,0.1184
0.61339867,8,-17.870541,0.0811
0.31143108,0.36470345,-73.784546,2.7475
2.30688715,3.48510814,-64.493332,1.6191
2.76161766,2.62776566,-93.341698,2.3485
0.17977689,0.1667368,-99.081741,3.3768
2.43303323,3.36727572,-63.466064,1.112
2.25409222,2.30443764,-89.916084,2.4824
1.4950701,8,-12.857316,0.0386
8.52866431,8,-23.540073,0.2676
8.0844595,8,-15.572598,0.2215
0.14089161,0.14612895,-93.461067,4.0967
0.07663322,0.07627518,-92.140465,4.2914
0.01152137,0.00511186,-93.089661,6.193
0.02230662,0.02520801,-95.7257,5.1246
9.03502476,2.69638252,-78.30513,1.7808
0.07298923,0.07690463,-82.503586,4.034
7.82411957,6.16468096,-83.748596,0.9127
8.40475538,8,-27.198906,0.2157
1.44262493,8,-13.123564,0.0768
8.04863537,8,-24.875101,0.1871
0.33346641,0.45915532,-77.778679,2.2591
1.53624821,1.58078206,-91.249657,1.8003
0.43228999,0.65264636,-74.84861,2.0923
0.00319232,0.0082283,-71.81662,4.5514
0.09286412,0.10043473,-93.994164,3.9406
0.24783826,0.22894901,-94.790199,2.9929
8.99002649,3.77521443,-81.010727,1.3031
5.48757887,4.09871531,-76.871841,1.1837
0.01654092,0.01858925,-79.925758,4.5708
0.06261859,0.14464153,-75.61216,3.4602
6.72170229,0.02240205,-76.372391,4.0762
4.49859507,0.01105308,-53.588028,3.4582
0.01911704,0.02978321,-96.45475,4.7692
0.0924556,0.22412244,-83.175194,2.9714
0.15206635,0.22690423,-80.961662,2.8504
1.22747922,1.34134305,-88.069527,1.9905
0.02519041,0.0277278,-95.846176,5.2974
7.15043756,0.68753439,-65.400581,2.4419
0.02826165,0.03316696,-99.114746,5.2321
0.36797461,1.27774584,-67.682594,2.6169
2.47342062,3.51020002,-66.510345,1.1223
8.20611946,8,-32.658794,0.4059
0.68812692,0.66639417,-82.389725,3.1534
0.04673747,0.05930118,-93.558426,4.3124
0.24296157,0.24827014,-68.438454,3.6015
0.15742905,0.16454597,-91.65316,3.6358
0.0167014,8,-95.142639,6.84
1.58835959,8,-49.445789,0.9299
0.17761557,0.31749424,-68.333305,2.8866
0.77749252,0.58097082,-96.425049,2.7183
0.00604488,0.0455274,-76.39682,4.1038
0.12029044,0.12355956,-97.170303,3.9079
0.26126272,0.28227434,-96.342041,3.336
4.18987322,4.20477247,-96.118019,0.9837
1.65655077,8,-17.97036,0.1695
0.19053903,0.21208721,-78.141274,3.252
0.53520066,0.56997383,-95.182564,2.6162
0.01430019,0.01023574,-96.765312,6.6738
0.09816021,0.10272537,-94.819214,4.0304
1.0341059,1.68189299,-73.589317,1.8703
0.52936477,0.5447374,-92.196472,2.833
7.05183315,8,-29.190535,0.4858
0.05665688,0.05854987,-80.175461,4.7147
0.0958303,0.10038691,-92.26741,4.2414
7.44825273,0.89482492,-63.322647,2.6605
0.03116173,0.03540568,-96.956215,4.8403
0.1385587,0.17822389,-86.910889,3.252
0.93487483,1.20788789,-83.342148,1.8762
2.44481635,2.60413671,-81.45488,1.8779
0.11545117,8,-10.280178,0.1666
3.63231635,8,-31.556124,0.2963
0.00762011,0.00667355,-96.160294,6.5863
0.98282313,1.36016297,-74.781601,1.8523
0.08238986,0.08952288,-71.142799,3.2117
0.07916812,0.09992994,-55.644749,3.1892
0.28995854,0.59730542,-87.09671,2.4495
0.2192589,0.27757472,-64.991257,2.2885
8.34745116,6.35458088,-72.457832,0.8161
3.40622425,1.63680291,-72.940781,2.0384
7.24379921,8,-24.553806,0.1393
2.47800756,8,-30.416098,0.0747
0.040542,0.04638156,-92.113762,4.7362
0.05863022,0.06757481,-92.746346,4.2032
0.02093774,0.0193744,-93.498993,5.29
0.01839678,0.00833682,-77.983665,5.3406
0.00380089,0.0166556,-100.362671,5.165
0.14883892,0.19988291,-84.461632,3.6049
0.21583808,0.25681984,-90.035728,3.2961
0.36433604,0.91939044,-57.60342,2.0726
0.02732128,0.01707792,-96.082344,4.9742
8.1183117,5.9916749,-74.723679,0.7123
2.90107298,2.5986619,-87.105667,1.7151
0.29693177,0.3052648,-88.54528,3.5381
0.0723787,0.07266989,-94.622688,4.6729
0.10896561,0.27463117,-69.833488,3.3518
0.01003106,0.01138605,-95.399384,6.1828
0.74822396,0.76186907,-93.805763,2.9182
0.04966462,0.04821672,-95.724091,5.118
0.01790758,8,-96.961868,6.9156
1.09264076,1.13147736,-95.238861,1.9956
0.53553104,8,-36.81332,1.1565
0.91268271,8,-22.396807,1.2901
1.6498872,7.26567698,-50.739632,1.1833
0.08934405,0.08861029,-95.661888,4.2295
0.01376879,0.0128388,-96.248848,5.9343
0.08079835,0.08137615,-95.615807,4.2545
0.00783372,0.0074986,-98.895111,6.3485
0.01950438,0.02032623,-96.204163,5.3795
0.04383746,0.04361734,-97.328346,4.8885
0.00305314,8,-96.386536,7.2797
1.84271598,1.84462321,-98.081238,1.8252
0.98018926,0.99843431,-97.415581,2.1811
8.01226891,3.41158462,-98.51722,1.4035
0.14895335,0.1647711,-80.778145,3.4983
0.28587413,0.29067513,-95.376938,3.2084
0.0106692,0.00991278,-98.556557,6.3818
0.11735963,0.12004218,-94.502441,3.9949
1.61069155,3.02959895,-58.745853,1.2236
0.32181433,0.32441136,-97.680985,3.3175
0.54914987,0.77705771,-73.168106,2.2767
0.71238512,0.98527008,-59.512531,2.0615
0.04679781,0.0544406,-101.63298,4.6721
1.02155221,1.56351423,-72.595116,1.4705
1.17462361,1.45776093,-62.581146,1.9499
1.82201445,3.09807706,-65.768463,1.3449
9.1045941,4.3976779,-74.146286,1.3702
0.16456302,0.18026976,-78.286682,3.573
0.01241929,0.01099838,-98.146599,6.3589
0.1322591,0.13797213,-95.411537,3.7559
3.81162357,3.67214251,-61.049927,1.5412
0.32533622,0.32703829,-97.055923,3.2347
0.01813148,0.01991026,-76.89724,4.9358
0.04306381,0.06762362,-73.96006,3.634
6.08114394,0.01115201,-84.339912,4.7079
0.01303479,0.00330415,-90.784676,6.0989
0.01082635,0.00967196,-96.408829,5.8552
0.00995297,8,-35.118141,1.7116
0.33841196,0.40075886,-84.944939,2.712
0.08414794,0.11084988,-98.275787,3.955
8.06115151,8,-23.158415,0.3093
2.74168396,8,-32.838284,0.3712
0.04048495,0.06124071,-79.87059,4.1622
0.39879426,0.73838651,-64.207619,1.82
0.04977882,0.05115756,-96.050644,4.6195
0.06446889,0.07344765,-96.036591,4.2428
0.56815308,1.55544102,-68.693977,1.7195
0.11452267,0.11532969,-96.500946,4.3889
0.03771324,8,-48.132576,2.1154
5.95783356,8,-95.658211,7.0402
2.41508937,2.93838549,-69.837456,1.003
8.30852274,8,-40.242615,0.5547
0.17810458,8,-16.874708,0.1617
8.04966956,8,-45.673306,0.4736
8.33599037,6.81714535,-57.737366,0.6742
0.17851758,0.18733622,-91.500351,3.4843
0.06186865,0.25243124,-68.527367,2.8579
0.01029857,0.01028381,-84.818298,5.4667
0.09680864,0.11038089,-97.788429,3.9718
0.2588478,0.37569547,-87.922882,2.8842
8.28985385,5.21079397,-75.001076,1.6433
2.36732745,2.82433486,-69.794083,0.7268
1.01547599,8,-46.183018,0.7307
0.05208059,0.05303809,-80.377663,5.0587
0.0543386,0.06895798,-97.532082,4.3045
0.03919971,0.03929398,-93.77652,5.2619
2.98066378,2.82759094,-86.955627,1.7799
1.58300364,8,-46.784859,0.8748
0.16305876,0.24593186,-56.424484,2.8123
0.30912203,0.34705433,-96.097137,3.6816
5.44507716,0.00432114,-72.27652,5.2836
0.04575821,0.04846326,-96.156174,4.6118
1.12760687,1.3081733,-78.230476,2.0783
0.55085504,1.32532609,-51.517773,1.6073
8.7483387,2.11744165,-84.272751,2.0829
3.38988972,2.44976473,-76.396965,2.0012
0.11268242,0.11701074,-92.435402,4.4584
0.00545011,0.00760066,-96.929626,5.944
0.0233536,0.02664011,-94.091209,5.185
0.09824938,0.0889089,-99.636948,4.8071
0.12112322,0.13301678,-97.273674,4.2576
0.05546913,0.13840944,-97.611427,3.9475
2.5250113,2.51516271,-97.496643,1.8126
2.3080585,2.27754998,-98.016953,2.1103
1.80531037,2.78876662,-56.009834,1.5548
2.4367342,2.81934977,-85.875313,1.5834
8.65627186,7.33329296,-51.151897,1.6375
8.96954512,8,-46.250408,0.8892
0.01171113,0.00628035,-87.037788,6.109
0.02122336,0.06610655,-98.941589,4.381
0.00851715,0.00800586,-81.660698,5.695
0.04126204,0.04671191,-96.253616,4.5723
0.29126644,0.34450468,-86.396477,3.5494
3.45936728,5.91658211,-53.138916,0.6826
9.08217803,2.85526443,-72.084503,1.3572
0.46808457,0.46682942,-95.764717,3.0313
3.20495796,3.64880633,-82.067925,0.8398
0.01066608,0.01150914,-62.915924,4.6234
0.01600823,0.01189397,-95.920937,5.4403
1.50847089,3.18650413,-51.074516,1.318
3.87843967,5.77754545,-55.105953,0.8719
0.07676872,0.08412033,-76.630798,4.1782
0.17259562,0.16377683,-78.542419,3.9755
0.01237434,0.02205309,-83.978745,4.5513
7.48908941,0.02552285,-72.712921,4.5944
0.02724861,0.03571103,-99.891846,4.788
8.88525415,3.33858633,-83.946747,1.389
0.98047561,1.06115508,-86.002205,2.1884
0.18660486,0.34708098,-59.240234,2.1313
1.50955832,1.01434231,-103.441574,1.3035
0.19131999,0.4044511,-70.164917,1.7299
7.04624796,7.50504065,-52.547752,1.357
0.01304982,0.0205422,-62.002934,2.9449
0.03627798,0.07609612,-82.243591,2.9172
1.21559453,1.16513217,-99.625366,1.0875
0.4488692,0.45838714,-94.632164,2.6998
1.45222437,3.45918584,-53.750507,0.1818
0.06115777,0.06375482,-82.848701,2.5108
0.00264277,0.00262309,-94.142677,5.3017
8.2795741,8,-48.322777,0.9602
8.34532909,8,-17.801273,0.0802
0.32617927,0.30633116,-97.094566,3.3292
0.13540001,0.14570081,-95.973289,3.4858
0.48408219,2.34122586,-57.808628,1.4552
0.9190445,1.19735754,-79.458733,1.8313
3.63578391,8,-14.864871,0.0421
0.01780379,0.02039724,-77.858429,4.799
0.08226765,0.12476116,-93.222137,3.4086
5.45517009,0.00515594,-85.278755,5.817
0.08706575,0.11480118,-93.399879,3.7698
1.14700067,1.15587974,-72.355812,2.1067
0.04584125,0.07929435,-92.478355,4.1961
0.14412884,0.14655833,-78.727036,3.1829
1.78829968,3.18488932,-60.59898,1.452
0.00472434,0.00989863,-71.388214,4.6377
0.19478747,0.33043182,-98.412956,2.9629
8.69690903,6.8318224,-57.721535,1.1787
8.14315434,8,-28.3053,0.23
2.0284276,8,-18.174021,0.1524
0.07102741,0.07963982,-60.441555,3.5106
2.5711658,0.79115027,-93.051468,2.9178
0.00642005,0.01113301,-85.503807,5.4331
0.06956542,0.08338569,-96.61393,4.0878
8.67499128,3.53905892,-61.7276,1.9146
8.90184239,8,-41.532524,1.397
9.15658089,8,-27.680399,0.4055
0.05460281,0.09997908,-62.258835,2.9933
0.18196879,0.22780182,-91.045563,3.2016
0.01124294,0.00769334,-90.689056,5.9668
0.04672342,0.05924473,-90.564491,4.0233
2.02789474,2.38020968,-78.239937,1.3047
0.76582927,0.89785415,-82.353035,2.1326
2.18798447,2.80612803,-71.366493,1.2327
0.06152464,0.0637509,-94.743553,4.2751
8.60292124,6.26819611,-63.549438,1.0809
0.02950237,0.0290351,-91.873825,4.9726
0.08505832,0.09872909,-95.653191,4.002
0.23622268,0.2475998,-91.123489,3.151
7.54740048,6.89698935,-74.28656,0.8719
0.08181905,0.17063396,-54.961964,2.8905
0.17447642,0.19936161,-92.503197,3.3047
0.00989009,0.01382105,-69.298119,4.4553
0.1198494,0.12132134,-98.492348,3.8005
8.21936783,4.3495059,-64.157051,1.205
0.34824169,0.47257286,-84.759567,2.5101
9.53748681,6.14935875,-60.193073,0.9033
5.26136255,8,-21.7995,0.1424
8.92736466,8,-24.274141,0.2335
0.04735309,0.07596647,-56.561306,2.9418
7.03755365,0.08466613,-61.307858,3.6668
0.01494344,0.00954898,-92.249756,5.6597
0.09154567,0.09118707,-100.61084,4.264
0.84221703,1.33101845,-65.283783,1.5223
1.09691668,2.13271952,-67.595818,1.6179
1.90611184,1.6492461,-95.882698,2.0796
7.01048088,8,-48.898109,0.4732
3.18012023,8,-18.529512,0.3662
1.48692048,8,-28.13728,0.5514
3.86026478,8,-47.154724,0.4633
0.05571483,0.07897221,-56.913242,2.8736
0.11418162,0.11736719,-94.119919,3.9472
0.07416946,0.07517821,-94.339569,4.0635
0.36008596,0.33376315,-95.241066,3.3578
0.05266033,0.05264521,-96.449524,4.352
0.10278413,0.10161573,-95.990784,4.1439
0.58667928,0.59572011,-95.370476,2.9401
0.57865804,0.55646002,-98.375015,2.8646
0.02380068,0.02473921,-81.856934,3.9905
0.05270449,0.22278713,-62.044231,2.4814
0.49224335,0.43368545,-103.84182,2.5264
0.00627533,0.01582453,-82.804672,3.5462
0.01336372,0.01322677,-90.701721,4.7617
0.09480131,0.08949538,-111.188553,3.7953
0.48323479,0.64464504,-84.202583,1.9746
1.25279534,1.3621285,-91.165268,1.3463
1.38917005,1.08285904,-97.717041,1.8001
0.07807731,0.14840704,-61.612095,3.0959
0.068334,1.19112003,-54.158394,1.7382
0.02348709,0.0396,-64.481697,3.249
0.09541461,0.08686493,-112.405876,4.0381
0.79903716,0.93826699,-74.613464,1.549
1.07937264,1.32654822,-72.399666,1.327
8.0210133,3.97073579,-68.80088,1.0461
2.50358892,2.41371703,-85.030945,1.4364
8.08508958,8,-13.293064,0.1084
9.11053932,8,-20.948486,0.2426
0.12503187,0.14793132,-85.449509,3.558
0.21396166,0.20967381,-88.418747,3.7125
0.01543361,0.00710695,-81.991661,5.6526
0.10553405,0.13646288,-92.319626,3.5626
0.17153762,0.23321937,-61.784294,2.2147
1.38988638,0.67623216,-81.986336,3.3382
8.60228897,5.23373795,-81.380211,1.2638
0.92574304,8,-27.064859,0.2728
0.20276712,8,-11.627539,0.2073
3.87454939,8,-40.16338,0.4166
8.72090981,8,-26.334238,0.6913
0.1553167,0.26804981,-59.725735,2.3125
0.79949188,0.61872971,-96.067688,3.0533
0.08423103,0.26706335,-50.107441,2.4795
0.02148786,0.03636594,-72.267303,4.1579
0.08688398,0.07822242,-95.691704,4.1274
8.50420413,5.74815416,-64.501282,0.9508
5.61833811,3.43208528,-82.772362,1.3742
0.03601104,0.04655073,-84.582008,4.2066
5.69452227,0.00353722,-90.254211,6.5769
0.05447903,0.06543969,-96.590576,4.3584
0.69182318,0.73897654,-78.687195,3.0649
1.36054826,1.73359621,-78.85955,2.016
8.23014535,8,-40.86385,0.4302
8.10898822,8,-25.079233,0.2654
0.03307944,0.04472673,-96.644432,3.7846
2.62784934,3.09374929,-69.811371,0.8074
8.02029207,0.11618324,-118.422653,3.3811
0.01252315,0.01655662,-79.017921,3.3674
0.02493007,0.01905825,-121.486969,5.1333
4.1648097,4.46808863,-87.941154,0.7397
0.00406351,8,-11.894259,0.1767
0.03279643,0.03451476,-91.392853,5.2895
0.07222673,0.07240358,-94.162788,4.9054
5.33753333,0.00438198,-94.097466,6.627
0.03729032,0.04153016,-94.863106,4.8471
0.10060486,0.18309134,-73.330948,3.5476
0.03509903,0.0359019,-95.486908,5.3799
2.69433022,2.38683724,-94.183144,2.2442
0.65006965,0.68066156,-95.212883,3.3459
8.52843496,8,-38.651352,0.8707
9.09830471,7.96523523,-50.28315,0.8573
2.35163784,8,-37.520565,0.9438
4.66246367,6.03333044,-59.594524,1.2174
8.07838632,7.00139093,-79.548599,1.2132
0.23154965,0.26439777,-94.736252,2.8671
1.01020145,3.29674459,-57.342663,1.3318
3.75225592,4.78810597,-62.93108,0.7534
0.89336884,1.0527122,-66.094574,2.248
0.81392509,8,-47.005909,1.589
0.07676471,0.11341639,-73.683426,2.7224
0.18883365,0.19499695,-96.21019,3.0723
0.00619912,0.00294952,-76.991516,5.1908
0.08850101,0.06752292,-108.529312,4.2462
6.81143048,0.04148935,-93.720543,4.0317
0.30820948,0.34726229,-96.581589,2.8877
6.79589081,1.60018134,-80.70623,1.8879
3.47710228,8,-26.677902,0.2487
8.00245526,8,-18.130951,0.1109
0.04148249,8,-163.2444,2.1174
0.23547739,0.26911429,-74.452927,2.4196
0.0910617,0.05708008,-97.70919,4.53
0.89197618,1.10175264,-83.051315,2.1888
1.59888744,3.66307163,-54.444904,0.8072
8.24360005,7.62637472,-51.764854,0.7985
4.60686207,8,-41.369877,0.2981
0.01383642,0.01528151,-71.022919,4.5194
0.16050807,0.16386239,-94.449104,3.5838
0.22801438,0.3009809,-88.117882,3.1451
0.03611387,0.03955197,-95.052307,5.0943
0.06230405,0.06257974,-94.930008,4.5073
1.18077564,1.56435514,-82.491707,2.0307
0.22329548,8,-4.270957,0.0156
4.67196465,8,-30.663338,0.1748
0.03153061,0.02640949,-99.938812,4.996
0.14720064,0.08975698,-106.15287,3.6813
0.03478035,0.03555502,-103.322411,4.4466
5.17716491,0.00306664,-103.78801,6.6492
0.03165373,0.03037137,-107.846954,4.8641
0.04403731,0.05430779,-105.090782,4.4313
1.37594366,1.28485131,-105.643204,1.8716
4.44731855,8,-45.500767,0.3496
8.4105927,7.85562754,-54.131569,0.5732
3.37268591,3.98864842,-73.4991,0.618
8.20650458,7.53878117,-56.856442,0.4757
0.02189391,0.12571734,-66.079491,3.2255
1.73228908,1.58294487,-90.6455,1.4213
0.14539012,0.15673952,-96.313217,3.8559
0.00740513,0.00847538,-73.720001,5.7354
0.0130622,0.01400184,-94.303535,5.3056
0.00578927,0.17039035,-95.173775,3.8351
7.16638899,6.39541817,-90.820091,0.3437
1.97439349,2.39870977,-82.093346,1.3403
0.02789722,0.06409361,-50.617729,3.0497
0.01630898,0.05437123,-70.628654,4.1166
0.01095025,0.01045312,-82.23774,5.5116
0.07879897,0.11399981,-88.177376,3.572
0.19418076,0.19008727,-93.85157,4.0293
4.4286685,5.21135473,-71.114105,0.7931
8.37990468,8,-23.517889,0.2508
8.40302794,8,-34.0289,0.3981
0.43501809,0.76186907,-68.189835,2.2438
2.90594077,4.66539955,-54.433968,0.7718
0.00761691,0.00705973,-73.632919,5.0352
0.0491929,0.05474671,-98.928391,4.3973
6.78565311,1.59605694,-94.029472,2.1719
0.27532971,0.28438994,-94.268028,3.5976
1.61019456,1.68903911,-88.882729,2.0535
0.04676782,0.04605921,-95.393806,4.8923
0.01061484,0.00982259,-99.606743,6.5657
0.01154584,0.012748,-95.76474,5.8478
0.05459616,0.05818942,-91.790321,4.5194
3.91334748,4.05892754,-92.504013,0.9159
2.20149708,2.06168819,-93.225655,1.9715
0.19389054,0.23806991,-78.481514,2.8877
0.03246312,0.04403678,-70.437386,4.3199
0.07121495,0.10135227,-92.407951,3.936
0.04708051,0.69597179,-67.581833,2.517
0.08951175,0.17722194,-84.455742,3.4086
8.58244493,3.85621905,-84.516663,1.5411
3.47638416,8,-28.75108,0.2665
0.0476996,0.04906629,-84.567047,4.9167
0.55809921,0.53935832,-96.799736,2.5802
0.01949332,0.0289447,-93.774986,5.1832
0.11226416,0.14027597,-98.682922,3.6894
0.08381322,0.58761281,-72.144691,2.3273
0.14127193,0.14649081,-95.954971,4.0152
0.03076441,8,-29.695248,1.0569
4.50852442,8,-34.757225,0.3102
9.40238282,8,-20.045134,0.1732
7.24250507,8,-22.811377,0.2542
0.0210536,0.02339528,-69.287247,3.4569
0.88360912,2.51338601,-64.400497,1.4571
0.01050658,0.00933347,-84.346069,4.676
0.08354142,0.09329976,-114.230263,3.9486
0.62313598,0.64078462,-93.640236,2.1324
8.21310934,4.38004732,-79.021164,1.1931
5.04509258,5.232934,-70.490417,0.9905
8.32822946,8,-21.098894,0.1764
0.1667946,0.18810329,-83.573174,3.6954
0.26594868,0.29275891,-92.977371,2.9776
0.24312969,0.73453993,-71.337662,2.6131
0.02003998,0.01844758,-70.669144,4.9461
0.03887799,0.03588205,-97.067352,5.2809
0.55033463,0.81587207,-74.923927,2.1728
3.6483047,3.95132518,-73.108002,1.2731
8.30535876,8,-20.008059,0.237
0.05310323,0.05569507,-79.079651,3.3781
0.82116669,0.8536433,-93.432213,1.7151
0.01138187,0.00264905,-86.47036,5.9467
0.07780938,0.08497494,-96.291351,3.3759
0.44576749,1.42127538,-64.831673,1.6132
1.27073062,1.4634825,-83.234116,1.6636
2.83326221,2.90584135,-90.200668,1.3584
4.19251585,8,-20.057899,0.066
0.79903841,0.76438952,-93.49221,2.9811
0.04774792,0.0480474,-95.968727,4.7396
30,0.00280359,-99.411217,7.1153
0.03976687,0.04118455,-94.849937,4.6797
9.02064493,4.997859,-81.656548,1.0673
0.14970455,0.14750245,-98.398285,4.1211
8.23394262,7.08644104,-83.654167,0.8231
0.03375443,0.02626666,-111.33786,4.244
0.03389555,0.4162125,-59.267109,1.4783
0.01608992,0.01152206,-105.529015,4.4533
0.079076,0.07211386,-122.372704,3.797
4.6684866,0.70968318,-110.366119,1.7644
0.03615619,0.03539372,-94.753899,5.2552
0.22995064,0.26030719,-95.466194,3.1297
7.51515698,0.14635135,-87.876762,3.546
0.00312247,0.00425325,-83.074821,6.0863
0.03214866,0.03853126,-97.832031,4.8531
0.11098553,0.22340402,-66.908028,2.7444
3.22907376,1.12387252,-92.678658,3.279
8.14878171,8,-15.528945,0.1502
0.00895897,0.10002056,-50.694191,3.0418
1.62332404,1.70174861,-88.445572,1.8317
0.10102374,0.13382842,-95.139259,3.6257
2.70360065,2.50898814,-79.727936,1.7076
0.07152229,0.23859713,-53.821114,1.6359
0.88089407,2.03841543,-58.915112,0.7979
0.01498452,0.01461545,-82.954002,3.6008
1.79863691,1.6965543,-111.254387,1.5681
1.53129435,1.84371662,-70.536972,1.9546
1.83464849,2.58373475,-59.756668,0.8634
7.84142304,2.83969212,-67.877205,1.0381
0.11328213,0.10301457,-90.760788,4.2291
8.89399746,0.87514031,-82.070488,2.7425
0.0210487,0.0180221,-93.784676,5.8456
0.10476582,0.1075736,-95.399811,3.9704
0.16918708,0.67195547,-56.421165,1.9411
2.39421654,2.5241425,-87.987412,1.6733
2.61590314,8,-20.434502,0.2512
8.69908514,8,-16.945108,0.1523
0.03397006,0.03912113,-83.16288,4.6215
0.01693792,0.01607765,-95.741318,6.0885
0.17454699,0.21618252,-89.925537,3.2273
1.03002024,1.57709527,-56.344158,1.7395
0.64491284,0.65352923,-80.983009,3.4943
8.14340444,6.67096996,-91.160866,1.7164
0.41086879,8,-23.113813,0.7496
0.22272554,8,-21.017969,0.5767
0.49948424,8,-23.18708,0.689
1.18122387,8,-11.44376,0.3413
0.04936441,0.04943854,-100.028862,4.3177
6.97965438,0.01865734,-73.121506,4.6718
0.01584056,0.02297607,-101.834839,5.0687
0.06284785,0.06066114,-101.232018,4.8522
0.28501037,0.31338513,-90.724182,3.1318
0.0274982,0.04978148,-67.411644,3.8862
0.0523353,0.05889085,-99.115631,4.5178
8.44738571,5.85222149,-66.902344,1.4694
0.35838634,0.33714879,-85.435982,3.0734
1.34156549,2.75631261,-61.726418,1.8628
8.68441132,8,-37.934601,0.8682
0.01775896,0.0169548,-82.906029,4.712
0.1954612,0.20396803,-76.513039,2.2235
0.10512165,0.02868707,-94.556404,3.8767
0.1487336,0.06993841,-115.399216,3.9983
8.58824247,3.14758349,-91.497162,1.0145
0.31505179,0.20950639,-104.402702,3.2599
0.32188925,0.38649595,-90.723572,2.1425
1.01320458,1.00978696,-92.067825,2.0451
8.18040281,7.71095753,-56.718945,0.456
0.12909791,0.24323794,-67.755592,2.669
0.02082637,0.0224048,-73.703674,4.2575
0.06387255,0.06680175,-100.780663,4.0816
8.34860003,6.86264134,-56.774548,0.845
0.44043565,0.73099411,-74.449966,2.3495
9.11966269,8,-35.426743,0.2825
0.02402693,0.03066154,-79.966789,4.5681
0.13026393,0.49435213,-57.174576,1.9891
0.00938362,0.00990198,-65.081329,4.3317
0.16652927,0.1768575,-99.938843,3.4336
0.62459886,0.98907644,-67.222282,2.4608
1.50110507,1.7483592,-85.493233,1.4616
2.37358642,8,-17.103308,0.1289
1.55433822,8,-23.458021,0.3035
8.19809054,5.5909586,-71.447136,1.4162
0.08782367,0.08607987,-101.548317,4.1316
0.8320843,0.95937157,-72.607414,2.1058
1.78684533,1.77673411,-96.203178,1.9441
0.0092359,8,-86.698051,5.9981
8.2530716,8,-38.664883,0.3297
0.55931199,0.60542554,-71.03019,2.4837
0.02304008,0.00929712,-87.519699,5.8733
0.04494317,0.04596167,-99.323334,4.8627
0.72444874,0.75294507,-87.392815,2.8858
0.11200917,0.1284622,-59.301353,3.9417
0.00481112,1.57859802,-57.268105,2.844
0.01175342,0.01465705,-56.755589,4.4458
0.124558,0.12201101,-99.806366,4.0278
8.13601335,6.62267351,-53.958706,1.2461
0.01088414,0.01096481,-87.803635,5.6099
0.03014605,0.05876704,-99.432686,4.3663
3.30519462,2.20172882,-83.74482,2.3001
3.35574508,4.12752724,-64.493767,1.6053
0.19411887,0.19822557,-95.311707,3.7898
2.62554383,5.634933,-50.989594,0.6435
2.79715991,8,-47.779736,0.6011
1.00342286,8,-32.977081,0.7681
0.19288373,0.21586393,-77.675491,3.2288
0.15655914,0.23440106,-76.538971,2.8012
8.14975329,7.06904459,-58.440681,0.98
8.70179187,8,-31.99774,0.6033
0.64882755,8,-32.743263,0.9544
0.05304612,0.06768805,-66.292809,3.7468
0.99245012,1.43025529,-72.917671,1.6349
0.05830595,0.10805556,-93.86866,3.5689
1.66216612,3.09256148,-59.730946,1.0589
0.14935567,8,-46.082268,1.3576
0.06345156,0.10448881,-53.262867,2.7409
0.45117548,0.51926059,-68.17469,3.2706
0.01491377,0.01810618,-71.797409,4.4405
0.04099179,0.12150972,-85.022064,3.208
0.18414815,0.69081634,-62.672089,2.1873
0.54664397,1.05057967,-64.934647,2.1361
0.10357466,8,-12.530217,0.3069
3.14747334,8,-27.15905,0.2995
0.01426718,0.01379581,-84.288177,5.2972
0.12424775,0.1946169,-97.592361,3.7968
0.04919825,0.05364446,-95.479462,4.6373
1.43715036,1.39995301,-94.131538,2.2016
0.02380418,0.02733658,-71.059113,4.4088
0.15110736,0.15753369,-90.953903,3.5342
0.02234029,0.01445335,-88.788467,6.0005
0.06168959,0.07241248,-95.17318,4.3192
3.82950783,4.13025475,-65.999939,1.5553
0.10471974,0.15322323,-93.420074,3.7848
4.12271929,5.29219103,-67.525925,0.7501
8.82603126,8,-31.868492,0.645
7.90447998,8,-27.206675,0.312
0.23255539,0.26725215,-89.355095,3.5108
7.09024754,0.44033143,-66.093376,2.7295
0.01476081,0.01495086,-84.532318,5.549
0.10938412,0.15109387,-95.98114,3.6257
0.03163273,0.2542018,-79.785858,3.8423
8.03910401,4.31390572,-72.550453,1.9109
8.62741137,8,-40.988876,0.7121
0.92126179,8,-19.011559,0.4863
0.61638433,8,-9.642719,0.2706
0.10351963,0.23096255,-90.869217,3.0332
6.36848773,0.03154251,-97.64476,4.533
0.00547284,0.0058196,-64.243439,4.6431
0.02204533,0.02476811,-95.212387,5.3657
0.09040846,0.10876334,-94.096237,4.1958
0.11173661,0.11738702,-84.957077,3.8781
0.05519043,0.04049384,-93.982315,5.3744
0.04281441,0.04550362,-96.714844,4.6853
0.0522191,0.05234684,-94.603523,4.8723
8.43099207,3.73472142,-78.765373,1.299
9.14384095,8,-30.029871,0.3304
0.14840747,0.1429451,-101.54055,3.195
0.07331827,0.06662036,-100.479256,3.5793
1.3399564,0.43335912,-103.471649,2.8124
1.29968071,8,-49.704151,1.0754
8.27582679,8,-48.349308,0.6779
8.5145175,8,-46.888126,0.5458
0.04831103,0.04862209,-88.725044,4.7653
0.03831875,0.04101597,-93.249702,4.6028
5.39545968,0.00391821,-96.753143,6.7078
0.06054474,0.05066562,-96.137451,4.9662
1.45951951,1.48529339,-92.274101,1.9009
0.02263061,0.02147605,-95.763664,5.3324
0.18641332,0.19037366,-92.202843,3.6676
0.01144923,0.01347824,-85.117111,5.3017
0.07858843,0.07372574,-98.294899,4.4962
1.12046826,0.94656241,-88.143906,2.1076
0.24587214,0.25864503,-91.614975,3.1705
2.29358554,2.31294942,-96.807678,1.6265
2.15654135,2.28185749,-90.879379,1.7164
5.29833841,8,-43.060604,0.3716
8.23935923,8,-29.080187,0.3346
0.16593751,0.20097902,-73.034149,2.8561
0.470456,0.47883543,-87.033928,2.5822
0.06413181,0.0558553,-73.985176,4.6902
0.06200701,0.06371859,-95.440079,4.5306
2.84474754,2.06844521,-97.59787,1.9641
0.18545967,0.31521502,-75.319389,2.5565
0.07491618,0.07633848,-81.718834,3.875
0.00823034,0.00669532,-99.053345,6.6116
0.03037016,0.02996954,-97.765434,5.0863
0.92033261,0.93362302,-88.483994,2.2823
3.6067009,8,-46.61602,0.5558
0.01544039,0.01445979,-93.551598,6.104
0.00271818,0.00349632,-98.873405,7.0911
0.00862783,0.00791646,-95.384621,6.4125
5.86218668,0.00733691,-82.766685,5.7935
6.71537904,0.0281177,-95.953262,5.4525
0.03253135,0.03175741,-97.178352,5.6936
0.09721217,0.09822685,-96.32708,4.9124
3.6966002,3.72681236,-96.170151,2.1439
0.48722455,0.3158209,-96.654076,4.6298
1.85485101,2.66733789,-78.238647,2.0672
1.34888649,2.42948985,-69.344299,1.3969
0.01475952,0.02134908,-93.836983,5.5993
0.00297852,0.00394897,-91.46962,6.7558
0.00616461,0.0086177,-95.216164,5.9569
0.1337145,0.30039427,-94.642334,3.5251
0.00652326,0.01710706,-95.953789,5.7389
4.38380957,4.35686159,-95.746193,1.6808
8.61093276,5.80913878,-72.556252,1.5338
3.22954011,3.66402817,-80.488876,1.6592
0.29553676,0.32333171,-88.96505,3.7225
0.22908559,0.33131117,-58.486794,2.4006
0.26886037,0.21599993,-95.090103,3.8717
0.01322294,0.01800577,-97.231186,5.5941
0.92486358,0.91559911,-80.155922,2.9462
0.45061028,0.40384889,-95.843353,3.1229
2.42606473,8,-46.278416,0.838
0.19663918,0.27181906,-69.487015,2.3529
0.0301875,0.02381664,-94.693237,5.3376
0.23471572,0.20677583,-99.803452,3.2096
1.9583714,8,-41.728851,0.6568
0.61671257,8,-35.541843,0.8864
2.98758793,8,-9.20062,0.0147
0.76175201,0.99664146,-59.110954,2.6606
0.49437618,0.41791675,-99.403954,3.4797
0.14710172,0.13995525,-97.869247,4.0845
8.23058955,5.46611929,-72.782433,2.3151
2.02089977,0.6088391,-92.123573,3.1009
0.1371931,0.16906065,-65.805084,3.2581
1.22751224,1.21525812,-95.623215,1.4986
0.01809942,0.02244028,-61.837254,3.5975
0.15486516,0.15228461,-96.380852,4.287
0.54289901,2.24620915,-60.76862,1.438
0.68929011,0.6938901,-92.495529,2.3142
3.38584948,3.76988292,-66.60817,1.2515
0.01732134,0.01785977,-86.690857,5.2123
0.07314441,0.0758056,-87.292526,4.1061
0.11065388,0.11373393,-88.998077,3.6422
0.22880045,0.25909838,-89.798729,2.14
0.02404528,0.05337812,-90.01516,4.163
0.06993326,0.07035867,-91.926697,4.3579
9.2495147,8,-44.108257,0.358
0.08505565,0.09716132,-95.925697,4.5197
0.01266419,0.01326319,-92.897354,5.7256
0.21554709,0.23488046,-95.481773,3.4198
2.01650953,2.60737896,-60.271484,1.8715
3.06412411,3.5432477,-75.395103,0.9347
0.00855249,8,-95.210388,6.9625
0.08000915,0.06845454,-96.346169,4.7234
0.00363143,0.00287093,-99.079643,7.1403
0.00898622,0.01013622,-95.457001,5.6889
0.04668907,0.04596167,-98.797775,4.5568
0.12246587,0.0819973,-95.594872,4.9855
1.57514107,1.59669459,-96.559235,1.6047
0.01830367,0.02095688,-84.448105,4.5336
0.18620883,0.21262221,-86.944603,3.4062
0.01262096,0.06495994,-63.631435,3.7488
0.00327038,0.00405202,-83.158859,5.7431
0.01642354,0.01962301,-96.878654,5.4217
0.11867868,0.13022059,-93.95356,3.8799
0.96965301,1.23667073,-83.11647,2.0974
5.10997534,8,-33.147957,0.259
0.14064267,0.14646831,-88.005409,4.5868
0.04656991,0.04603162,-95.068871,5.3433
0.01784424,0.02663766,-89.947815,5.2407
4.82007277,0.00261794,-95.197578,7.2501
0.0584808,0.0632913,-95.050323,4.5822
0.01851608,0.02192372,-96.518402,6.0318
2.43080735,1.77517903,-92.471893,2.06
0.68742925,0.64311194,-95.28373,3.4513
8.86287191,7.838871,-50.57201,1.1808
4.4443574,8,-40.647545,0.9013
8.57268423,7.06850147,-54.81424,1.2846
1.82345629,8,-46.00272,1.6642
0.59298372,0.81463224,-64.454094,1.3119
0.18640737,0.20671548,-86.432648,2.8245
0.00615143,0.00506971,-85.198761,5.9739
0.08674586,0.12660496,-87.917946,3.6454
1.18065774,1.10885,-95.221878,2.2176
0.22333317,0.25220254,-90.886528,3.5973
8.13675946,3.71070266,-74.67765,1.392
6.0819087,8,-18.36063,0.1603
3.38345432,8,-22.771683,0.1513
6.2691959,0.00268539,-92.011024,6.2607
0.0509945,0.05967219,-96.697922,4.2531
2.22980189,2.10456729,-77.276505,2.5258
0.28781095,0.32807484,-85.424438,2.9064
0.01225308,0.00617474,-92.282295,5.9629
0.05481246,0.06053268,-99.024384,3.909
0.40427843,0.70674568,-78.278191,1.9443
0.06951751,0.066732,-88.489822,4.5965
5.3853159,2.56644797,-80.172371,1.3124
8.20608858,8,-42.607113,0.4447
6.20959711,8,-37.267811,0.3759
0.1628938,0.20752683,-65.649452,3.2444
0.74766052,0.74365699,-90.59359,2.0817
0.02201106,0.0264993,-61.068581,3.8856
0.06023852,0.04554348,-96.553711,4.9023
2.10554481,2.22837186,-89.796448,2.3197
2.95635605,3.28446102,-70.130554,1.5907
7.30606222,7.79037237,-53.068539,0.2754
6.77658939,8,-44.64809,0.3222
0.00930589,0.02324267,-62.051762,3.5542
0.08683297,0.10651953,-99.92878,3.6394
8.55038953,6.01935148,-56.997723,0.8891
0.62760758,8,-48.578896,0.9748
0.03758144,0.03781179,-93.517509,4.9795
2.69765663,4.23433018,-55.103622,0.6468
5.50431146,0.00683667,-88.315277,5.6311
0.09657259,0.10424031,-95.024818,3.9164
0.0948448,0.11363089,-91.064629,3.7506
6.35151815,6.50700426,-68.505241,0.6457
0.08076464,0.10809873,-83.268806,3.391
0.29304573,0.28256533,-95.109718,3.5391
0.01371949,0.01382275,-81.582924,5.1399
0.25853974,0.31297621,-79.066025,2.9418
0.00258155,0.01363526,-58.948826,4.24
0.03117392,0.03163812,-96.731812,5.0633
8.03755454,5.16822386,-98.960602,1.3099
8.88467804,5.80298472,-92.259735,0.9921
1.02370155,1.0030309,-91.519302,2.6133
7.59290171,5.16687441,-92.210892,1.7294
8.06791575,8,-10.182239,0.49
8.70742033,8,-30.985458,0.4954
0.48078182,0.49985793,-93.537735,2.651
0.06700639,0.06926907,-96.841675,4.4689
0.2752972,0.27627721,-90.913109,3.3323
0.06689096,0.06845769,-75.609856,4.1212
0.05895122,0.06251536,-95.989731,4.4477
0.75033826,0.57686216,-99.41629,2.9957
3.06328058,2.577986,-96.291016,1.5732
1.5442586,1.56895185,-94.266891,2.3796
2.91579127,8,-20.33313,0.2072
0.27168077,0.43508676,-73.745506,2.8608
0.0585452,0.07599448,-90.658806,4.3888
0.01957186,0.02044052,-79.612732,4.882
0.01984989,0.017749,-95.131393,5.892
0.02338508,0.05813492,-90.5429,4.2652
3.28628302,3.4290812,-93.455322,1.3348
8.6325076,5.55935574,-75.4786,1.2391
8.00398336,6.41155052,-58.978695,1.1515
8.3995341,7.48098373,-66.913666,1.2061
0.26580006,0.36703026,-58.309071,2.575
0.15765813,0.16409414,-93.249084,3.8767
0.22041865,0.28273901,-95.920677,3.384
0.1677544,0.19556092,-96.05217,3.7305
9.0551808,2.82338071,-82.108353,1.9311
2.07880187,2.31255865,-87.662163,1.4168
2.46080589,2.78756738,-82.969193,1.4916
3.19590426,4.32246304,-63.027061,0.6117
0.01410364,0.01553048,-96.459564,5.5367
0.14448217,0.11104588,-101.002953,3.9137
0.01143465,0.01058888,-99.119667,5.7776
0.20147899,0.21768211,-95.002998,3.126
4.4094944,2.7318213,-80.555679,1.3141
3.99428225,4.25500059,-87.471893,0.8147
3.10379481,8,-25.554871,0.1335
5.35342884,8,-13.83815,0
8.4588341,8,-24.041882,0.1361
0.01408606,0.01669787,-75.295326,4.6231
0.07967311,0.14509998,-75.621552,3.1806
2.27117825,2.56814385,-71.446541,1.4521
3.29358769,3.29983521,-68.232323,1.8553
0.24394336,0.78094697,-67.063049,2.5255
0.00313041,8,3.551476,0.0664
4.34430552,8,-13.394959,0.2457
0.05027026,0.07622716,-58.066265,2.9144
0.31721032,0.39255142,-86.532227,3.0189
6.78340409,0.02707746,-74.218475,4.4123
0.00286941,0.00319568,-97.19278,7.026
0.049859,0.05799309,-93.842674,4.4665
0.23391876,0.25271836,-93.419609,3.6949
0.58889288,1.02663255,-67.731094,2.255
3.91527605,8,-27.802961,0.5271
7.92262602,8,-43.134235,0.4811
3.81858683,8,-39.716995,0.4622
0.08123876,0.10465267,-72.310326,3.6219
0.01161005,0.01221449,-78.186798,5.1868
0.07687803,0.08415782,-96.483139,4.0883
8.55872231,6.79226637,-54.786354,1.2289
0.25400895,0.28148657,-92.199318,3.1375
8.00600253,7.22904873,-67.071007,0.6489
9.26607433,8,-16.086758,0.1492
0.0206032,0.01840738,-82.086845,3.8425
8.21079263,3.9747026,-88.935539,0.9927
0.05765192,0.05192795,-127.842072,4.546
9.16040891,5.36850548,-86.481873,1.1061
0.01760452,0.03282734,-63.181686,3.1627
1.85756934,2.39102078,-77.708,1.1964
0.40231982,0.46874091,-95.939209,2.3603
0.10750622,0.09341449,-97.840881,3.7079
8.54265306,1.67128182,-84.33403,1.9513
2.21779585,2.40827251,-85.54084,1.7853
3.08095574,8,-28.174236,0.1716
0.07761701,0.08561041,-96.515297,4.2399
2.59787202,3.12782121,-72.374878,1.4616
0.1798984,0.21904402,-81.444008,3.6195
0.00667528,8,-49.857761,3.8675
0.42063716,0.40210936,-111.435745,1.7724
0.36156443,0.32389349,-114.182037,1.5781
0.39218539,0.70059508,-65.784523,0.9251
1.0597322,0.71605659,-143.366989,1.7882
0.01815398,8,-98.355804,3.7399
0.06604133,0.07297306,-75.858292,3.6897
0.53731358,0.8140443,-79.382263,2.8648
0.3798188,0.94524008,-73.280769,2.0873
0.00713001,0.00657595,-92.771751,6.4269
0.07405607,0.07979289,-97.039963,4.1673
0.58630121,0.59492451,-87.469559,2.5156
2.9184823,3.33510089,-74.645248,1.0451
0.76534635,0.74135292,-94.464638,3.4533
8.01231767,7.99748087,-50.035431,0.7225
0.01268977,0.01194818,-98.836815,6.476
0.10363582,0.11097426,-95.587311,3.7751
0.13755557,0.12693018,-94.258461,4.4146
0.06956347,0.09072319,-78.718819,3.6466
0.05247826,0.04618745,-93.934128,4.9654
0.00632545,0.00415483,-95.146751,6.4385
0.27633429,0.28552809,-91.885544,3.0335
0.00686889,0.0175279,-58.535175,3.8672
0.04336455,0.0408255,-91.97612,4.7209
8.71534468,2.85508895,-83.156845,1.5363
0.35845342,0.38178107,-94.82193,2.8473
7.80415535,8,-26.985435,0.2374
0.71437287,8,-24.126923,0.4133
0.04210982,0.0486961,-68.191956,3.2861
5.89085806,0.00374036,-99.436928,5.9003
0.04001555,0.04373005,-108.591515,4.4987
0.88936228,1.13962376,-80.893768,1.7285
0.04176004,0.05761482,-103.279251,3.9514
8.74586056,8,-33.139587,0.5817
8.31421013,8,-21.290159,0.1109
0.0562665,0.05229861,-94.993988,5.2031
0.03603789,0.03525101,-92.383156,4.895
0.07283348,0.25371414,-68.096939,2.6236
0.06584909,0.0635241,-96.36866,4.3637
0.21412909,0.40186235,-80.438049,2.4714
0.0544607,0.05202776,-92.095329,4.6107
5.94479473,8,-84.654182,6.1904
1.04240322,1.22194111,-88.179848,1.7623
,,,
,,,
,,,
,,,
,,,
,,,
,,,
,,,
,,,
,,,
,,,
,,,
,,,
,,,
,,,
,,,
,,,
,,,
,,,
,,,
,,,
,,,
,,,
,,,
,,,
,,,
,,,
,,,
,,,
,,,
,,,
,,,
,,,
,,,
,,,
,,,
,,,
,,,
,,,
,,,
,,,
,,,
,,,
,,,
,,,
,,,
,,,
,,,
,,,
,,,
,,,
,,,
,,,
,,,
,,,
,,,
,,,
,,,
,,,
,,,
,,,
,,,
,,,
,,,
,,,
,,,
,,,
,,,
,,,
,,,
,,,
,,,
,,,
,,,
,,,
,,,
,,,
,,,
,,,
,,,
,,,
,,,
,,,
,,,
,,,
,,,
,,,
,,,
,,,
,,,
,,,
,,,
,,,
,,,
,,,
,,,
,,,
,,,
,,,
,,,
,,,
,,,
,,,
,,,
,,,
,,,
,,,
,,,
,,,
,,,
,,,
,,,
,,,
,,,
,,,
,,,
,,,
,,,
,,,
,,,
,,,
,,,
,,,
,,,
,,,
,,,
,,,
,,,
,,,
,,,
,,,
,,,
,,,
,,,
,,,
,,,
,,,
,,,
,,,
,,,
,,,
,,,
,,,
,,,
,,,
,,,
,,,
,,,
,,,
,,,
,,,
,,,
,,,
,,,
,,,
,,,
,,,
,,,
,,,
,,,
,,,
,,,
,,,
,,,
,,,
,,,
,,,
,,,
,,,
,,,
,,,
,,,
,,,
,,,
,,,
,,,
,,,
,,,
,,,
,,,
,,,
,,,
,,,
,,,
,,,
,,,
,,,
,,,
,,,
,,,
,,,
,,,
,,,
,,,
,,,
,,,
,,,
,,,
,,,
,,,
,,,
,,,
,,,
,,,
,,,
,,,
,,,
,,,
,,,
,,,
,,,
,,,
,,,
,,,
,,,
,,,
,,,
,,,
,,,
,,,
,,,
,,,
,,,
,,,
,,,
,,,
,,,
,,,
,,,
,,,
,,,
,,,
,,,
,,,
,,,
,,,
,,,
,,,
,,,
,,,
,,,
,,,
,,,
,,,
,,,
,,,
,,,
,,,
,,,
,,,
,,,
,,,
,,,
,,,
,,,
,,,
,,,
,,,
,,,
,,,
,,,
,,,
,,,
,,,
,,,
,,,
,,,
,,,
,,,
,,,
,,,
,,,
,,,
,,,
,,,
,,,
,,,
,,,
,,,
,,,
,,,
,,,
,,,
,,,
,,,
,,,
,,,
,,,
,,,
,,,
,,,
,,,
,,,
,,,
,,,
,,,
,,,
,,,
,,,
,,,
,,,
,,,
,,,
,,,
,,,
,,,
,,,
,,,
,,,
,,,
,,,
,,,
,,,
,,,
,,,
,,,
,,,
,,,
,,,
,,,
,,,
,,,
,,,
,,,
,,,
,,,
,,,
,,,
,,,
,,,
,,,
,,,
,,,
,,,
,,,
,,,
,,,
,,,
,,,
,,,
,,,
,,,
,,,
,,,
,,,
,,,
,,,
,,,
,,,
,,,
,,,
,,,
,,,
,,,
,,,
,,,
,,,
,,,
,,,
,,,
,,,
,,,
,,,
,,,
,,,
,,,
,,,
,,,
,,,
,,,
,,,
,,,
,,,
,,,
,,,
,,,
,,,
,,,
,,,
,,,
,,,
,,,
,,,
,,,
,,,
,,,
,,,
,,,
,,,
,,,
,,,
,,,
,,,
,,,
,,,
,,,
,,,
,,,
,,,
,,,
,,,
,,,
,,,
,,,
,,,
,,,
,,,
,,,
,,,
,,,
,,,
,,,
,,,
,,,
,,,
,,,
,,,
,,,
,,,
,,,
,,,
,,,
,,,
,,,
,,,
,,,
,,,
,,,
,,,
,,,
,,,
,,,
,,,
,,,
,,,
,,,
,,,
,,,
,,,
,,,
,,,
,,,
,,,
,,,
,,,
,,,
,,,
,,,
,,,
,,,
,,,
,,,
,,,
,,,
,,,
,,,
,,,
,,,
,,,
,,,
,,,
,,,
,,,
,,,
,,,
,,,
,,,
,,,
,,,
,,,
,,,
,,,
,,,
,,,
,,,
,,,
,,,
,,,
,,,
,,,
,,,
,,,
,,,
,,,
,,,
,,,
,,,
,,,
,,,
,,,
,,,
,,,
,,,
,,,
,,,
,,,
,,,
,,,
,,,
,,,
,,,
,,,
,,,
,,,
,,,
,,,
,,,
,,,
,,,
,,,
,,,
,,,
,,,
,,,
,,,
,,,
,,,
,,,
,,,
,,,
,,,
,,,
,,,
,,,
,,,
,,,
,,,
,,,
,,,
,,,
,,,
,,,
,,,
,,,
,,,
,,,
,,,
,,,
,,,
,,,
,,,
,,,
,,,
,,,
,,,
,,,
,,,
,,,
,,,
,,,
,,,
,,,
,,,
,,,
,,,
,,,
,,,
,,,
,,,
,,,
,,,
,,,
,,,
,,,
,,,
,,,
,,,
,,,
,,,
,,,
,,,
,,,
,,,
,,,
,,,
,,,
,,,
,,,
,,,
,,,
,,,
,,,
,,,
,,,
,,,
,,,
,,,
,,,
,,,
,,,
,,,
,,,
,,,
,,,
,,,
,,,
,,,
,,,
,,,
,,,
,,,
,,,
,,,
,,,
,,,
,,,
,,,
,,,
,,,
,,,
,,,
,,,
,,,
,,,
,,,
,,,
,,,
,,,
,,,
,,,
,,,
,,,
,,,
,,,
,,,
,,,
,,,
,,,
,,,
,,,
,,,
,,,
,,,
,,,
,,,
,,,
,,,
,,,
,,,
,,,
,,,
,,,
,,,
,,,
,,,
,,,
,,,
,,,
,,,
,,,
,,,
,,,
,,,
,,,
,,,
,,,
,,,
,,,
,,,
,,,
,,,
,,,
,,,
,,,
,,,
,,,
,,,
,,,
,,,
,,,
,,,
,,,
,,,
,,,
,,,
,,,
,,,
,,,
,,,
,,,
,,,
,,,
,,,
,,,
,,,
,,,
,,,
,,,
,,,
,,,
,,,
,,,
,,,
,,,
,,,
,,,
,,,
,,,
,,,
,,,
,,,
,,,
,,,
,,,
,,,
,,,
,,,
,,,
,,,
,,,
,,,
,,,
,,,
,,,
,,,
,,,
,,,
,,,
,,,
,,,
,,,
,,,
,,,
,,,
,,,
,,,
,,,
,,,
,,,
,,,
,,,
,,,
,,,
,,,
,,,
,,,
,,,
,,,
,,,
,,,
,,,
,,,
,,,
,,,
,,,
,,,
,,,
,,,
,,,
,,,
,,,
,,,
,,,
,,,
,,,
,,,
,,,
,,,
,,,
,,,
,,,
,,,
,,,
,,,
,,,
,,,
,,,
,,,
,,,
,,,
,,,
,,,
,,,
,,,
,,,
,,,
,,,
,,,
,,,
,,,
,,,
,,,
,,,
,,,
,,,
,,,
,,,
,,,
,,,
,,,
,,,
,,,
,,,
,,,
,,,
,,,
,,,
,,,
,,,
,,,
,,,
,,,
,,,
,,,
,,,
,,,
,,,
,,,
,,,
,,,
,,,
,,,
,,,
,,,
,,,
,,,
,,,
,,,
,,,
,,,
,,,
,,,
,,,
,,,
,,,
,,,
,,,
,,,
,,,
,,,
,,,
,,,
,,,
,,,
,,,
,,,
,,,
,,,
,,,
,,,
,,,
,,,
,,,
,,,
,,,
,,,
,,,
,,,
,,,
,,,
,,,
,,,
,,,
,,,
,,,
,,,
,,,
,,,
,,,
,,,
,,,
,,,
,,,
,,,
,,,
,,,
,,,
,,,
,,,
,,,
,,,
,,,
,,,
,,,
,,,
,,,
,,,
,,,
,,,
,,,
,,,
,,,
,,,
,,,
,,,
,,,
,,,
,,,
,,,
,,,
,,,
,,,
,,,
,,,
,,,
,,,
,,,
,,,
,,,
,,,
,,,
,,,
,,,
,,,
,,,
,,,
,,,
,,,
,,,
,,,
,,,
,,,
,,,
,,,
,,,
,,,
,,,
,,,
,,,
,,,
,,,
,,,
,,,
,,,
,,,
,,,
,,,
,,,
,,,
,,,
,,,
,,,
,,,
,,,
,,,
,,,
,,,
,,,
,,,
,,,
,,,
,,,
,,,
,,,
,,,
,,,
,,,
,,,
,,,
,,,
,,,
,,,
,,,
,,,
,,,
,,,
,,,
,,,
,,,
,,,
,,,
,,,
,,,
,,,
,,,
,,,
,,,
,,,
,,,
,,,
,,,
,,,
,,,
,,,
,,,
,,,
,,,
,,,
,,,
,,,
,,,
,,,
,,,
,,,
,,,
,,,
,,,
,,,
,,,
,,,
,,,
,,,
,,,
,,,
,,,
,,,
,,,
,,,
,,,
,,,
,,,
,,,
,,,
,,,
,,,
,,,
,,,
,,,
,,,
,,,
,,,
,,,
,,,
,,,
,,,
,,,
,,,
,,,
,,,
,,,
,,,
,,,
,,,
,,,
,,,
,,,
,,,
,,,
,,,
,,,
,,,
,,,
,,,
,,,
,,,
,,,
,,,
,,,
,,,
,,,
,,,
,,,
,,,
,,,
,,,
,,,
,,,
,,,
,,,
,,,
,,,
,,,
,,,
,,,
,,,
,,,
,,,
,,,
,,,
,,,
,,,
,,,
,,,
,,,
,,,
,,,
,,,
,,,
,,,
,,,
,,,
,,,
,,,
,,,
,,,
,,,
,,,
,,,
,,,
,,,
,,,
,,,
,,,
,,,
,,,
,,,
,,,
,,,
,,,
,,,
,,,
,,,
,,,
,,,
,,,
,,,
,,,
,,,
,,,
,,,
,,,
,,,
,,,
,,,
,,,
,,,
,,,
,,,
,,,
,,,
,,,
,,,
,,,
,,,
,,,
,,,
,,,
,,,
,,,
,,,
,,,
,,,
,,,
,,,
,,,
,,,
,,,
,,,
,,,
,,,
,,,
,,,
,,,
,,,
,,,
,,,
,,,
,,,
,,,
,,,
,,,
,,,
,,,
,,,
,,,
,,,
,,,
,,,
,,,
,,,
,,,
,,,
,,,
,,,
,,,
,,,
,,,
,,,
,,,
,,,
,,,
,,,
,,,
,,,
,,,
,,,
,,,
,,,
,,,
,,,
,,,
,,,
,,,
,,,
,,,
,,,
,,,
,,,
,,,
,,,
,,,
,,,
,,,
,,,
,,,
,,,
,,,
,,,
,,,
,,,
,,,
,,,
,,,
,,,
,,,
,,,
,,,
,,,
,,,
,,,
,,,
,,,
,,,
,,,
,,,
,,,
,,,
,,,
,,,
,,,
,,,
,,,
,,,
,,,
,,,
,,,
,,,
,,,
,,,
,,,
,,,
,,,
,,,
,,,
,,,
,,,
,,,
,,,
,,,
,,,
,,,
,,,
,,,
,,,
,,,
,,,
